{
    "Addimage": false,
    "Addsticker": false,
    "Addvideoo": {
        "name": "",
        "status": false
    },
    "ChangeCV": false,
    "ChangeCover": false,
    "ChangeGDP": false,
    "ChangePP": false,
    "ChangeVP": false,
    "Images": {
        "anak ku": "dataSeen/anak ku.jpg"
    },
    "Img": {},
    "Members": 0,
    "MessageCount": {},
    "ROM": {
        "c2e966db3c994dba4e8535169f8d3c314": {
            "u17ce7606c05a31e55cfccb35487cfbf3": {
                "msg.id": [
                    "8441173258608",
                    "8443380388387"
                ],
                "waktu": [
                    1534653996936,
                    1534686012117
                ]
            },
            "u2e8a00457a4f6a0e37b3140609cc7a95": {
                "msg.id": [
                    "8443380381307"
                ],
                "waktu": [
                    1534686012130
                ]
            }
        },
        "c726c97a201bfaf358f15244b552e9c19": {
            "u0c6bb1f9a956d40b56f620d943383738": {
                "msg.id": [
                    "8443281056418"
                ],
                "waktu": [
                    1534684920875
                ]
            },
            "u38ca75fe6556ce9ddcf026b6bf7f8e28": {
                "msg.id": [
                    "8443281052285"
                ],
                "waktu": [
                    1534684920886
                ]
            },
            "u6c8cdd8b28eb4f3a4000b6a5b8b644de": {
                "msg.id": [
                    "8443281056412"
                ],
                "waktu": [
                    1534684920832
                ]
            },
            "ucf72d34b73cb7c77752d5716ed626073": {
                "msg.id": [
                    "8443281055501"
                ],
                "waktu": [
                    1534684920834
                ]
            }
        },
        "c7840f816208cd3a0313db2487ad50e3f": {
            "u2e8a00457a4f6a0e37b3140609cc7a95": {
                "msg.id": [
                    "8440495681035"
                ],
                "waktu": [
                    1534642132540
                ]
            }
        },
        "cac7f8f874eae5e0194060ee9cc7f5f71": {
            "u0025cfd384ba691d2f2712d35bfb96df": {
                "msg.id": [
                    "8439224104614"
                ],
                "waktu": [
                    1534606214617
                ]
            }
        },
        "cffce683d72d0a49203205ec2d2cbeea1": {
            "u17ce7606c05a31e55cfccb35487cfbf3": {
                "msg.id": [
                    "8443199310229"
                ],
                "waktu": [
                    1534684023635
                ]
            }
        }
    },
    "Sticker": {
        "hore": {
            "STKID": "52002734",
            "STKOPT": "A",
            "STKPKGID": "11537",
            "STKTXT": "[Sticker]",
            "STKVER": "1"
        },
        "oke": {
            "STKID": "51626501",
            "STKOPT": "A",
            "STKPKGID": "11538",
            "STKTXT": "[Sticker]",
            "STKVER": "1"
        }
    },
    "addMessage": "Thank's for add..!!!",
    "autoAdd": false,
    "autoJoin": false,
    "autoLeave": false,
    "autoaddpesan": "",
    "autochat": [
        "c2b1762680ee72ff76df4c080e4d9aa9d"
    ],
    "autoread": false,
    "clock": false,
    "comment": "\uff61^\u203f^\uff61",
    "creator": [
        "u17ce7606c05a31e55cfccb35487cfbf3"
    ],
    "dblacklist": false,
    "dwhitelist": false,
    "jabrixx": {
        "u17ce7606c05a31e55cfccb35487cfbf3": 3,
        "ud6141706fd9081d6803a389bdfcdc502": 3,
        "udb741a8042c4c50369ca76ff9a018fd8": 1
    },
    "kick": false,
    "leaveRoom": false,
    "limit": {
        "u17ce7606c05a31e55cfccb35487cfbf3": {
            "stick": {},
            "text": {
                "help": 2,
                "react": true
            }
        }
    },
    "limits": {
        "members": 10,
        "on": true
    },
    "mention": "Ada Apa?",
    "midsTarget": [],
    "pap": "http://mofsc.com.au/wp-content/uploads/2016/09/Welcome-02-web-version.jpg",
    "pro_name": {},
    "rapidFire": {},
    "rbio": [],
    "rebort": false,
    "restartPoint": "",
    "rname": "",
    "rpic": "0hq9VvwdPrLhZrDwGtUIlRQVdKIHscISheE2tidkgNI3RHOGxEXz4xdxkIeS8UOm0UXzpjchsOci5C",
    "setkey": "",
    "shieldAdmin": {
        "c1cd639bf2c55dda8b896faa1c1dd4422": {
            "u2b5c1329b8ac1c0a7de02bc827149fd4": "u2b5c1329b8ac1c0a7de02bc827149fd4"
        },
        "c2e966db3c994dba4e8535169f8d3c314": {
            "u3d28ddf4ed48dc7eae5785379581e93d": "u3d28ddf4ed48dc7eae5785379581e93d",
            "uf0c1de0f62d2a9390093fc1fec3d2088": "uf0c1de0f62d2a9390093fc1fec3d2088"
        },
        "cf0b12e4b8d3e5cb0e10d032dc49a2b8d": {
            "ud6141706fd9081d6803a389bdfcdc502": "ud6141706fd9081d6803a389bdfcdc502"
        }
    },
    "shieldBlacklist": [],
    "shieldBots": [
        "u1a49cc167e3107826637a4a0052ceecc",
        "u3c23e525ee5674eed4015eefa480d14f",
        "u3d28ddf4ed48dc7eae5785379581e93d",
        "u6e0d84ed851be5ba661e9742ac56594d",
        "ub1939d43f80739461c7f7ca475ebc359",
        "u848339da8f4d7925af4edef909fc075f",
        "u127124e36853556ef2c7dc8547805a8a",
        "u8063b3c139b89ad1475eca5ffc8c030c"
    ],
    "shieldContact": {},
    "shieldDetectMention": [
        "cb0474ede2d5415b42a918ab4d4455d59",
        "cac7f8f874eae5e0194060ee9cc7f5f71",
        "cf714c58d6651d6f7c59b94fea0de5196",
        "c8e3e703c5ab7368bebcd004ffe2496e0",
        "c6ad5722df8c5aabfc976a847d57f1602"
    ],
    "shieldInvite": [],
    "shieldMentionGroup": [],
    "shieldMute": [],
    "shieldName": {},
    "shieldOwner": [],
    "shieldPict": [],
    "shieldProtect": [],
    "shieldTalkblacklist": [],
    "shieldTarget": [],
    "shieldUrl": [],
    "shieldWelcome": {
        "cf0b12e4b8d3e5cb0e10d032dc49a2b8d": true
    },
    "spam": "Al Gantengm",
    "spamcall": 3,
    "status": false,
    "stickerOn": {},
    "talkban": true,
    "talkdblacklist": false,
    "talkwblacklist": false,
    "tdblacklist": false,
    "timeline": false,
    "twblacklist": false,
    "userAgent": [
        "Mozilla/5.0 (X11; U; Linux i586; de; rv:5.0) Gecko/20100101 Firefox/5.0",
        "Mozilla/5.0 (X11; U; Linux amd64; rv:5.0) Gecko/20100101 Firefox/5.0 (Debian)",
        "Mozilla/5.0 (X11; U; Linux amd64; en-US; rv:5.0) Gecko/20110619 Firefox/5.0",
        "Mozilla/5.0 (X11; Linux) Gecko Firefox/5.0",
        "Mozilla/5.0 (X11; Linux x86_64; rv:5.0) Gecko/20100101 Firefox/5.0 FirePHP/0.5",
        "Mozilla/5.0 (X11; Linux x86_64; rv:5.0) Gecko/20100101 Firefox/5.0 Firefox/5.0",
        "Mozilla/5.0 (X11; Linux x86_64) Gecko Firefox/5.0",
        "Mozilla/5.0 (X11; Linux ppc; rv:5.0) Gecko/20100101 Firefox/5.0",
        "Mozilla/5.0 (X11; Linux AMD64) Gecko Firefox/5.0",
        "Mozilla/5.0 (X11; FreeBSD amd64; rv:5.0) Gecko/20100101 Firefox/5.0",
        "Mozilla/5.0 (Windows NT 6.2; WOW64; rv:5.0) Gecko/20100101 Firefox/5.0",
        "Mozilla/5.0 (Windows NT 6.1; Win64; x64; rv:5.0) Gecko/20110619 Firefox/5.0",
        "Mozilla/5.0 (Windows NT 6.1; Win64; x64; rv:5.0) Gecko/20100101 Firefox/5.0",
        "Mozilla/5.0 (Windows NT 6.1; rv:6.0) Gecko/20100101 Firefox/5.0",
        "Mozilla/5.0 (Windows NT 6.1.1; rv:5.0) Gecko/20100101 Firefox/5.0",
        "Mozilla/5.0 (Windows NT 5.2; WOW64; rv:5.0) Gecko/20100101 Firefox/5.0",
        "Mozilla/5.0 (Windows NT 5.1; U; rv:5.0) Gecko/20100101 Firefox/5.0",
        "Mozilla/5.0 (Windows NT 5.1; rv:2.0.1) Gecko/20100101 Firefox/5.0",
        "Mozilla/5.0 (Windows NT 5.0; WOW64; rv:5.0) Gecko/20100101 Firefox/5.0",
        "Mozilla/5.0 (Windows NT 5.0; rv:5.0) Gecko/20100101 Firefox/5.0"
    ],
    "wblacklist": false,
    "welcomeMessage": {
        "c1cd639bf2c55dda8b896faa1c1dd4422": " Hallo",
        "c2e966db3c994dba4e8535169f8d3c314": "Hallo kak..,",
        "cf0b12e4b8d3e5cb0e10d032dc49a2b8d": "Selamat Datang...!!!"
    },
    "wwhitelist": false
}