{
    "limit": {
        "u17ce7606c05a31e55cfccb35487cfbf3": {
            "stick": {
                "143746231364266": 1,
                "react": true
            },
            "text": {
                "react": true,
                "tesoff": 2
            }
        },
        "u183a4dc768af8035ca004d5f19b6228b": {
            "stick": {},
            "text": {
                "apa kak ? ketik /help untuk bantuan": 1,
                "react": true
            }
        },
        "u1a49cc167e3107826637a4a0052ceecc": {
            "stick": {},
            "text": {
                "Bot Diaktifkan Kembali...!!!!": 5,
                "react": true
            }
        },
        "u29143509a4cc6a2a17bb6e832dbd45cf": {
            "stick": {},
            "text": {
                "During LIVE Chats, only admins of the official account and LINE's administrative personnel may check the messages.   \u200e": 1,
                "react": true
            }
        },
        "u5087e3f6af8bfe7bef691fc962045d8d": {
            "stick": {},
            "text": {
                "Viral, Video Polisi Gadungan Ditangkap hingga Alasan Nikita Mirzani Bercerai Lagi\nIni Sosok Polisi Gadungan yang Videonya Viral\nRumah Baru Zohri dari Pemerintah, Harganya...\nAlasan Nikita Mirzani Ngotot Ceraikan Dipo Latief\nMeghan Markle Menderita Setelah Jadi Putri?\nCIA Buka Lowongan, Gajinya Sampai Rp1,2 M, Berminat?\nSederhana & Teduh, Ini Potret Rumah Jokowi di Solo\nMiris! Hujan Deras, Hanya S": 1,
                "react": true
            }
        },
        "u51a5fbf91a1560ae6ac5192f880b9e4a": {
            "stick": {},
            "text": {
                "*PERINGATAN! Hanya lakukan pembelian langsung di toko official LINE.": 1,
                "react": true
            }
        },
        "ud6141706fd9081d6803a389bdfcdc502": {
            "stick": {},
            "text": {
                "key": 2,
                "react": true
            }
        },
        "udb741a8042c4c50369ca76ff9a018fd8": {
            "stick": {
                "1001": 1,
                "react": true
            },
            "text": {
                "react": true,
                "smulerecord ___Sriyanto_Sk8|5": 4
            }
        },
        "udd325d7862128ae1c5699dec47a7c602": {
            "stick": {},
            "text": {
                "Hy \n\n\n\nCantik": 1,
                "react": true
            }
        }
    },
    "temp_flood": {
        "c2e966db3c994dba4e8535169f8d3c314": {
            "expire": false,
            "flood": 0,
            "time": 1535258068.0193696
        },
        "c45217304df7f4292bedb2909633a43b0": {
            "expire": false,
            "flood": 0,
            "time": 1534685656.5157669
        },
        "c4e7a2f7df17e5b929859d7b7f8c4f664": {
            "expire": false,
            "flood": 0,
            "time": 1535258397.7258077
        },
        "c726c97a201bfaf358f15244b552e9c19": {
            "expire": false,
            "flood": 0,
            "time": 1535258297.9850662
        },
        "c7840f816208cd3a0313db2487ad50e3f": {
            "expire": false,
            "flood": 0,
            "time": 1535259512.053983
        },
        "cac7f8f874eae5e0194060ee9cc7f5f71": {
            "expire": false,
            "flood": 0,
            "time": 1535254005.5396695
        },
        "cb0474ede2d5415b42a918ab4d4455d59": {
            "expire": false,
            "flood": 0,
            "time": 1534686349.9694118
        },
        "cd2740e3cb7883745c8b071f73af31849": {
            "expire": false,
            "flood": 0,
            "time": 1535260108.0189848
        },
        "cf714c58d6651d6f7c59b94fea0de5196": {
            "expire": false,
            "flood": 0,
            "time": 1534682449.6347003
        },
        "cffce683d72d0a49203205ec2d2cbeea1": {
            "expire": false,
            "flood": 0,
            "time": 1535260049.320535
        },
        "u17ce7606c05a31e55cfccb35487cfbf3": {
            "expire": false,
            "flood": 0,
            "time": 1535259612.4373682
        },
        "u290d3072b043ff4796a9a91f145931e0": {
            "expire": false,
            "flood": 0,
            "time": 1535257705.756524
        },
        "u5a225e2d66b7d8a44815ada6c8539daa": {
            "expire": false,
            "flood": 0,
            "time": 1535258326.1789398
        },
        "u6086e2b630c20870ebd56ec574d6ed25": {
            "expire": false,
            "flood": 1,
            "time": 1535258162.4725504
        },
        "u829b2888e93510ec5afcc92c1291110f": {
            "expire": false,
            "flood": 0,
            "time": 1534614686.515385
        },
        "u96ad496dcf59b92aa6ae35d3e200cbae": {
            "expire": false,
            "flood": 0,
            "time": 1535256763.4374309
        },
        "ud6f834b3a1f100da48978e67fa067318": {
            "expire": false,
            "flood": 0,
            "time": 1534670021.6849604
        }
    }
}