{
    "CHAT": {
        "c2ad66d8ba046bb84b0244290b06ea6cd": {},
        "c2e966db3c994dba4e8535169f8d3c314": {
            "ini": "ini hanya tes"
        },
        "c4e7a2f7df17e5b929859d7b7f8c4f664": {},
        "c7840f816208cd3a0313db2487ad50e3f": {},
        "cffce683d72d0a49203205ec2d2cbeea1": {},
        "u5087e3f6af8bfe7bef691fc962045d8d": {},
        "ufad1b879da78599a2d55113a7d9c7ce7": {}
    },
    "CHATPLUS": {
        "c2e966db3c994dba4e8535169f8d3c314": {
            "image": {
                "itu": "/tmp/linepy-1534780918-9.bin"
            },
            "stiker": {
                "itu": {
                    "STKID": "17863",
                    "STKPKGID": "1070"
                }
            },
            "text": {
                "itu": "ada apa an"
            }
        },
        "c4e7a2f7df17e5b929859d7b7f8c4f664": {
            "image": {
                "rere": "/tmp/linepy-1534787175-8.bin"
            },
            "stiker": {
                "rere": {
                    "STKID": "51626519",
                    "STKPKGID": "11538"
                }
            },
            "text": {
                "rere": "tikung aku donk...\udbc1\udf05\udbc0\udd54Har Har\udbff\udfff\udbc1\udf05\udbc0\udd54Har Har\udbff\udfff"
            }
        },
        "c7840f816208cd3a0313db2487ad50e3f": {
            "text": {}
        },
        "cffce683d72d0a49203205ec2d2cbeea1": {
            "image": {
                "tyas": "/tmp/linepy-1534781438-0.bin"
            },
            "stiker": {
                "tyas": {
                    "STKID": "52002755",
                    "STKPKGID": "11537"
                }
            },
            "text": {
                "tyas": "iki lho anu ne sisri...\udbc1\udf05\udbc0\udd54Har Har\udbff\udfff\udbc1\udf05\udbc0\udd54Har Har\udbff\udfff\udbc1\udf05\udbc0\udd54Har Har\udbff\udfff"
            }
        },
        "u5087e3f6af8bfe7bef691fc962045d8d": {
            "text": {}
        }
    },
    "IMAGE": {
        "c0cc45dd6e1f4fe5c76d8440b2d6ef07b": {},
        "c1cd639bf2c55dda8b896faa1c1dd4422": {},
        "c2ad66d8ba046bb84b0244290b06ea6cd": {},
        "c2e966db3c994dba4e8535169f8d3c314": {},
        "c4e7a2f7df17e5b929859d7b7f8c4f664": {},
        "c7840f816208cd3a0313db2487ad50e3f": {},
        "cffce683d72d0a49203205ec2d2cbeea1": {},
        "u064e445fdcc40853e2a5fc72a446c82b": {},
        "u29e9334288adfd3de856bad70d6a1b9b": {},
        "u5087e3f6af8bfe7bef691fc962045d8d": {},
        "u82919cbab6be321c82a299a34ceaf121": {},
        "u8c7c52ddb2b13606e0278873178f6d93": {},
        "uc340ad900a8d2c238729129d1c5d8a13": {},
        "udd325d7862128ae1c5699dec47a7c602": {},
        "ufad1b879da78599a2d55113a7d9c7ce7": {}
    },
    "MUSIC": {
        "c0cc45dd6e1f4fe5c76d8440b2d6ef07b": {},
        "c1cd639bf2c55dda8b896faa1c1dd4422": {},
        "c2ad66d8ba046bb84b0244290b06ea6cd": {},
        "c2e966db3c994dba4e8535169f8d3c314": {},
        "c4e7a2f7df17e5b929859d7b7f8c4f664": {},
        "c7840f816208cd3a0313db2487ad50e3f": {},
        "cffce683d72d0a49203205ec2d2cbeea1": {},
        "u064e445fdcc40853e2a5fc72a446c82b": {},
        "u29e9334288adfd3de856bad70d6a1b9b": {},
        "u5087e3f6af8bfe7bef691fc962045d8d": {},
        "u82919cbab6be321c82a299a34ceaf121": {},
        "u8c7c52ddb2b13606e0278873178f6d93": {},
        "uc340ad900a8d2c238729129d1c5d8a13": {},
        "udd325d7862128ae1c5699dec47a7c602": {},
        "ufad1b879da78599a2d55113a7d9c7ce7": {}
    },
    "STICKER": {
        "c0cc45dd6e1f4fe5c76d8440b2d6ef07b": {},
        "c1cd639bf2c55dda8b896faa1c1dd4422": {},
        "c2ad66d8ba046bb84b0244290b06ea6cd": {},
        "c2e966db3c994dba4e8535169f8d3c314": {
            "hihi": {
                "STKID": "51626512",
                "STKPKGID": "11538"
            }
        },
        "c4e7a2f7df17e5b929859d7b7f8c4f664": {},
        "c7840f816208cd3a0313db2487ad50e3f": {},
        "cffce683d72d0a49203205ec2d2cbeea1": {},
        "u064e445fdcc40853e2a5fc72a446c82b": {},
        "u29e9334288adfd3de856bad70d6a1b9b": {},
        "u5087e3f6af8bfe7bef691fc962045d8d": {},
        "u82919cbab6be321c82a299a34ceaf121": {},
        "u8c7c52ddb2b13606e0278873178f6d93": {},
        "uc340ad900a8d2c238729129d1c5d8a13": {},
        "udd325d7862128ae1c5699dec47a7c602": {},
        "ufad1b879da78599a2d55113a7d9c7ce7": {}
    },
    "VIDEO": {
        "c0cc45dd6e1f4fe5c76d8440b2d6ef07b": {},
        "c1cd639bf2c55dda8b896faa1c1dd4422": {},
        "c2ad66d8ba046bb84b0244290b06ea6cd": {},
        "c2e966db3c994dba4e8535169f8d3c314": {},
        "c4e7a2f7df17e5b929859d7b7f8c4f664": {},
        "c7840f816208cd3a0313db2487ad50e3f": {},
        "cffce683d72d0a49203205ec2d2cbeea1": {},
        "u064e445fdcc40853e2a5fc72a446c82b": {},
        "u29e9334288adfd3de856bad70d6a1b9b": {},
        "u5087e3f6af8bfe7bef691fc962045d8d": {},
        "u82919cbab6be321c82a299a34ceaf121": {},
        "u8c7c52ddb2b13606e0278873178f6d93": {},
        "uc340ad900a8d2c238729129d1c5d8a13": {},
        "udd325d7862128ae1c5699dec47a7c602": {},
        "ufad1b879da78599a2d55113a7d9c7ce7": {}
    },
    "stiker": {
        "add": [],
        "mention": [],
        "welcome": []
    }
}