{
    "limit": {},
    "temp_flood": {
        "c0cc45dd6e1f4fe5c76d8440b2d6ef07b": {
            "expire": false,
            "flood": 0,
            "time": 1533206710.696857
        },
        "c1cd639bf2c55dda8b896faa1c1dd4422": {
            "expire": false,
            "flood": 0,
            "time": 1534057510.9028587
        },
        "c2ad66d8ba046bb84b0244290b06ea6cd": {
            "expire": false,
            "flood": 0,
            "time": 1534642155.5071397
        },
        "c2e966db3c994dba4e8535169f8d3c314": {
            "expire": false,
            "flood": 2,
            "time": 1535198193.8194618
        },
        "c4e7a2f7df17e5b929859d7b7f8c4f664": {
            "expire": false,
            "flood": 0,
            "time": 1534948241.9764416
        },
        "c7840f816208cd3a0313db2487ad50e3f": {
            "expire": false,
            "flood": 0,
            "time": 1535201558.932426
        },
        "cffce683d72d0a49203205ec2d2cbeea1": {
            "expire": false,
            "flood": 0,
            "time": 1535201942.1319253
        },
        "u064e445fdcc40853e2a5fc72a446c82b": {
            "expire": false,
            "flood": 0,
            "time": 1534144823.444045
        },
        "u1a49cc167e3107826637a4a0052ceecc": {
            "expire": false,
            "flood": 0,
            "time": 1534127598.4963732
        },
        "u2e8a00457a4f6a0e37b3140609cc7a95": {
            "expire": false,
            "flood": 0,
            "time": 1535199165.0304523
        }
    }
}