{
    "Addaudio": [],
    "Addimage": [],
    "Addimagechat": [],
    "Addmedia": [],
    "Addsticker": [],
    "Addstickerchat": [],
    "Addvideo": [],
    "ChangeCV": false,
    "ChangeCover": false,
    "ChangeGDP": false,
    "ChangePP": false,
    "ChangeVP": false,
    "Members": 0,
    "Mentioned": {
        "c2e966db3c994dba4e8535169f8d3c314": {
            "u17ce7606c05a31e55cfccb35487cfbf3": 10
        },
        "cffce683d72d0a49203205ec2d2cbeea1": {
            "u96ad496dcf59b92aa6ae35d3e200cbae": 1
        }
    },
    "MessageCount": {},
    "ROM": {
        "c2ad66d8ba046bb84b0244290b06ea6cd": {
            "u2e8a00457a4f6a0e37b3140609cc7a95": {
                "msg.id": [
                    "8440496832183"
                ],
                "waktu": [
                    1534642155485
                ]
            }
        },
        "c2e966db3c994dba4e8535169f8d3c314": {
            "u2e8a00457a4f6a0e37b3140609cc7a95": {
                "msg.id": [
                    "8440433114535",
                    "8444828726838",
                    "8444829397638",
                    "8444829691819",
                    "8444830704366"
                ],
                "waktu": [
                    1534640863639,
                    1534720271884,
                    1534720288564,
                    1534720296053,
                    1534720321179
                ]
            }
        },
        "c7840f816208cd3a0313db2487ad50e3f": {
            "u2e8a00457a4f6a0e37b3140609cc7a95": {
                "msg.id": [
                    "8440495681035"
                ],
                "waktu": [
                    1534642132540
                ]
            }
        },
        "cffce683d72d0a49203205ec2d2cbeea1": {
            "u17ce7606c05a31e55cfccb35487cfbf3": {
                "msg.id": [
                    "8440350996672"
                ],
                "waktu": [
                    1534639113906
                ]
            },
            "u2e8a00457a4f6a0e37b3140609cc7a95": {
                "msg.id": [
                    "8440350988441",
                    "8440498222083",
                    "8440499472580",
                    "8444831924766"
                ],
                "waktu": [
                    1534639113921,
                    1534642183253,
                    1534642208279,
                    1534720351613
                ]
            }
        }
    },
    "clock": false,
    "dblacklist": false,
    "dwhitelist": false,
    "kick": false,
    "leaveRoom": false,
    "limits": {
        "members": 15,
        "on": true
    },
    "messageComment": "\uff61^\u203f^\uff61",
    "messageMention": "Ada Apa?",
    "messageWelcome": {},
    "midsTarget": [],
    "pap": "http://mofsc.com.au/wp-content/uploads/2016/09/Welcome-02-web-version.jpg",
    "pictureGroup": {},
    "pro_name": {},
    "rapidFire": {},
    "rbio": [],
    "rebort": false,
    "restartPoint": "",
    "rname": "",
    "rpic": "0hq9VvwdPrLhZrDwGtUIlRQVdKIHscISheE2tidkgNI3RHOGxEXz4xdxkIeS8UOm0UXzpjchsOci5C",
    "setkey": "",
    "shieldAdmin": {
        "c0cc45dd6e1f4fe5c76d8440b2d6ef07b": {},
        "c1cd639bf2c55dda8b896faa1c1dd4422": {
            "u17ce7606c05a31e55cfccb35487cfbf3": "u17ce7606c05a31e55cfccb35487cfbf3"
        },
        "c2ad66d8ba046bb84b0244290b06ea6cd": {},
        "c2e966db3c994dba4e8535169f8d3c314": {},
        "c4e7a2f7df17e5b929859d7b7f8c4f664": {},
        "c7840f816208cd3a0313db2487ad50e3f": {
            "uec13f3c18fd696fe7c2ffd4c7e001a31": "uec13f3c18fd696fe7c2ffd4c7e001a31"
        },
        "cffce683d72d0a49203205ec2d2cbeea1": {},
        "u064e445fdcc40853e2a5fc72a446c82b": {},
        "u29e9334288adfd3de856bad70d6a1b9b": {},
        "u5087e3f6af8bfe7bef691fc962045d8d": {},
        "u82919cbab6be321c82a299a34ceaf121": {},
        "u8c7c52ddb2b13606e0278873178f6d93": {},
        "uc340ad900a8d2c238729129d1c5d8a13": {},
        "udd325d7862128ae1c5699dec47a7c602": {},
        "ufad1b879da78599a2d55113a7d9c7ce7": {}
    },
    "shieldBanlist": {
        "c0cc45dd6e1f4fe5c76d8440b2d6ef07b": {},
        "c1cd639bf2c55dda8b896faa1c1dd4422": {},
        "c2ad66d8ba046bb84b0244290b06ea6cd": {},
        "c2e966db3c994dba4e8535169f8d3c314": "udb741a8042c4c50369ca76ff9a018fd8",
        "c4e7a2f7df17e5b929859d7b7f8c4f664": {},
        "c7840f816208cd3a0313db2487ad50e3f": {},
        "cffce683d72d0a49203205ec2d2cbeea1": {},
        "u064e445fdcc40853e2a5fc72a446c82b": {},
        "u29e9334288adfd3de856bad70d6a1b9b": {},
        "u5087e3f6af8bfe7bef691fc962045d8d": {},
        "u82919cbab6be321c82a299a34ceaf121": {},
        "u8c7c52ddb2b13606e0278873178f6d93": {},
        "uc340ad900a8d2c238729129d1c5d8a13": {},
        "udd325d7862128ae1c5699dec47a7c602": {},
        "ufad1b879da78599a2d55113a7d9c7ce7": {}
    },
    "shieldBlacklist": [
        "udb741a8042c4c50369ca76ff9a018fd8"
    ],
    "shieldBots": [
        "u2e8a00457a4f6a0e37b3140609cc7a95",
        "u1a49cc167e3107826637a4a0052ceecc",
        "u3c23e525ee5674eed4015eefa480d14f",
        "u3d28ddf4ed48dc7eae5785379581e93d",
        "u3d28ddf4ed48dc7eae5785379581e93d",
        "u3d28ddf4ed48dc7eae5785379581e93d",
        "u848339da8f4d7925af4edef909fc075f",
        "u127124e36853556ef2c7dc8547805a8a"
    ],
    "shieldCommand": {
        "c1cd639bf2c55dda8b896faa1c1dd4422": {},
        "c2e966db3c994dba4e8535169f8d3c314": {},
        "c7840f816208cd3a0313db2487ad50e3f": {},
        "cffce683d72d0a49203205ec2d2cbeea1": {},
        "u064e445fdcc40853e2a5fc72a446c82b": {},
        "u29e9334288adfd3de856bad70d6a1b9b": {},
        "u5087e3f6af8bfe7bef691fc962045d8d": {},
        "u82919cbab6be321c82a299a34ceaf121": {},
        "uc340ad900a8d2c238729129d1c5d8a13": {},
        "udd325d7862128ae1c5699dec47a7c602": {}
    },
    "shieldContact": {},
    "shieldCreator": [
        "u17ce7606c05a31e55cfccb35487cfbf3"
    ],
    "shieldDetectMention": [
        "c2e966db3c994dba4e8535169f8d3c314"
    ],
    "shieldInvite": [],
    "shieldJoin": [],
    "shieldMentionGroup": [],
    "shieldMute": [],
    "shieldName": {},
    "shieldOwner": [],
    "shieldPict": [],
    "shieldProtect": [],
    "shieldStatus": [
        "autoJoin"
    ],
    "shieldSticker": [],
    "shieldTalkblacklist": [],
    "shieldTarget": [],
    "shieldUrl": [],
    "shieldWelcome": {},
    "spam": "",
    "spamcall": 3,
    "status": false,
    "talkban": true,
    "talkdblacklist": false,
    "talkwblacklist": false,
    "tdblacklist": false,
    "timeline": false,
    "twblacklist": false,
    "userAgent": [
        "Mozilla/5.0 (X11; U; Linux i586; de; rv:5.0) Gecko/20100101 Firefox/5.0",
        "Mozilla/5.0 (X11; U; Linux amd64; rv:5.0) Gecko/20100101 Firefox/5.0 (Debian)",
        "Mozilla/5.0 (X11; U; Linux amd64; en-US; rv:5.0) Gecko/20110619 Firefox/5.0",
        "Mozilla/5.0 (X11; Linux) Gecko Firefox/5.0",
        "Mozilla/5.0 (X11; Linux x86_64; rv:5.0) Gecko/20100101 Firefox/5.0 FirePHP/0.5",
        "Mozilla/5.0 (X11; Linux x86_64; rv:5.0) Gecko/20100101 Firefox/5.0 Firefox/5.0",
        "Mozilla/5.0 (X11; Linux x86_64) Gecko Firefox/5.0",
        "Mozilla/5.0 (X11; Linux ppc; rv:5.0) Gecko/20100101 Firefox/5.0",
        "Mozilla/5.0 (X11; Linux AMD64) Gecko Firefox/5.0",
        "Mozilla/5.0 (X11; FreeBSD amd64; rv:5.0) Gecko/20100101 Firefox/5.0",
        "Mozilla/5.0 (Windows NT 6.2; WOW64; rv:5.0) Gecko/20100101 Firefox/5.0",
        "Mozilla/5.0 (Windows NT 6.1; Win64; x64; rv:5.0) Gecko/20110619 Firefox/5.0",
        "Mozilla/5.0 (Windows NT 6.1; Win64; x64; rv:5.0) Gecko/20100101 Firefox/5.0",
        "Mozilla/5.0 (Windows NT 6.1; rv:6.0) Gecko/20100101 Firefox/5.0",
        "Mozilla/5.0 (Windows NT 6.1.1; rv:5.0) Gecko/20100101 Firefox/5.0",
        "Mozilla/5.0 (Windows NT 5.2; WOW64; rv:5.0) Gecko/20100101 Firefox/5.0",
        "Mozilla/5.0 (Windows NT 5.1; U; rv:5.0) Gecko/20100101 Firefox/5.0",
        "Mozilla/5.0 (Windows NT 5.1; rv:2.0.1) Gecko/20100101 Firefox/5.0",
        "Mozilla/5.0 (Windows NT 5.0; WOW64; rv:5.0) Gecko/20100101 Firefox/5.0",
        "Mozilla/5.0 (Windows NT 5.0; rv:5.0) Gecko/20100101 Firefox/5.0"
    ],
    "wblacklist": false,
    "wwhitelist": false
}