{
    "Addimage": false,
    "Addsticker": false,
    "Anime": false,
    "ChangeCover": false,
    "ChangeDP": false,
    "ChangeGDP": false,
    "GN": [],
    "GROUP": {
        "AR": {
            "AP": [],
            "P": {},
            "S": {}
        },
        "LM": {
            "AP": [],
            "P": {},
            "S": {}
        },
        "WM": {
            "AP": [],
            "P": {},
            "S": {}
        }
    },
    "Images": {},
    "Img": {},
    "Members": 2,
    "MessageCount": true,
    "ROM": {},
    "ROM1": {},
    "Sticker": {},
    "Unsend": {},
    "admin": [],
    "autoAdd": false,
    "autoCancel": [],
    "autoJoin": true,
    "autoaddpesan": "Thx For add me yeah|",
    "autochat": [],
    "autochats": [],
    "autoread1": false,
    "autoread2": false,
    "blacklist": [],
    "bots": [
        "u24d2ce778ab32cf95090a15c3d9a5a0a",
        "u7311423bad96e52ba8ffd72e6a646d0d"
    ],
    "clock": false,
    "dblacklist": false,
    "dwhitelist": false,
    "kick": false,
    "kitsunecontact": [],
    "kitsuneprotection": [],
    "kitsuneshare": [],
    "kitsuneurl": [],
    "kitsunewelcome": {},
    "leaveRoom": false,
    "lfriend": [],
    "lurkp": {},
    "lurkt": {},
    "pname": [],
    "ppict": [],
    "pro_name": {},
    "readPoint": {},
    "readPoints": {},
    "setTime": {},
    "setTimess": [],
    "setkey": "dit",
    "spam": "anbot",
    "status": true,
    "talkban": true,
    "talkblacklist": {},
    "talkdblacklist": false,
    "talkwblacklist": false,
    "target": [],
    "tdblacklist": false,
    "timeline": false,
    "twblacklist": false,
    "wblacklist": false,
    "word": "ErUFmrnv4b0MN68PBMK6.PDbdajMSOpGkuiWqQ+Pk5G.CcSuIE69XO/7bY6tw9s8qpG98Dd1u0m3utsznfoqaL8=",
    "wwhitelist": false
}