{
    "info": {
        "u0cb9b53e3e96bf9c3a8cd6c4b6e81450": "faris",
        "u1abaf60a33748568578bcfc59a40e8a0": "wiliam",
        "u4da51453a8473d250a7ac537a16ef9eb": "aris",
        "u61aa26c453c9be565703f92f0ae82514": "zakie",
        "u911a53f18a83a7efed7f96474a0d1c75": "sadits",
        "ua5d0430099aca0f80a508c10abfa4ae6": "mekaku",
        "ub0a437d8c41b2949e1de3f884ac32e02": "@A\u0306\u036b\u035e\u0323\u0317l\u0318\u035a\u031de\u0340sh\u0344\u030b\u0334\u0317\u033aa\u031d\u033c\u032d",
        "uca72a90a07399774b3592ea8630cfa95": "hendra",
        "udf1cc52d2369364e4a32086c0976c9b4": "shiina",
        "uf19dd766cccf032eae3e60732e6e3e4e": "@\uff21\uff4c!",
        "uf988b592090122fd0000bd5518fde999": "pal"
    },
    "limit": {},
    "name": {
        "@A\u0306\u036b\u035e\u0323\u0317l\u0318\u035a\u031de\u0340sh\u0344\u030b\u0334\u0317\u033aa\u031d\u033c\u032d": {
            "mid": "ub0a437d8c41b2949e1de3f884ac32e02",
            "pay": 1529524045.5236104,
            "runtime": 1526932045.5236104,
            "tempat": "ced5282d5b71cfe81d6f68e5bb3aa7455",
            "token": "EttFIXyOQuOa3wAprad2.Skq32mqBkuNH3J/isSmUaG.vpVwCR1pR7J6HTuHuG04TAoVCzELPzMA8jttprVJvXk="
        },
        "@\uff21\uff4c!": {
            "mid": "uf19dd766cccf032eae3e60732e6e3e4e",
            "pay": 1529419975.0387712,
            "runtime": 1526827975.0387712,
            "tempat": "ced5282d5b71cfe81d6f68e5bb3aa7455",
            "token": "EtL9sl4NalBxFLZBFgqe.8z3xzSZpaY6UpMbZlM4/tG.+y/IjM3zjjTEeKtBe/p41oQvmCgWe/WlgkV93RwfaeI="
        },
        "aris": {
            "mid": "u4da51453a8473d250a7ac537a16ef9eb",
            "pay": 1529673163.411391,
            "runtime": 1527081163.411391,
            "tempat": "ced5282d5b71cfe81d6f68e5bb3aa7455",
            "token": "EtZETCCJGR0ph0fzn20b.tAuuu6HhpsukESu3Ow756W.e6GYQ+dcKNfX9TSXclmd1aTqWW+IzNqx53j4dev8yMc="
        },
        "faris": {
            "mid": "u0cb9b53e3e96bf9c3a8cd6c4b6e81450",
            "pay": 1529205483.1162112,
            "runtime": 1526613483.1162112,
            "tempat": "ced5282d5b71cfe81d6f68e5bb3aa7455",
            "token": "EtqVN0O7Bx3ouVX16eJ0.dlM1pJ6wV5W6JnBeTUGuua.qN5mIR0rKC8p+iglTIpNFUA6N5hr/Q1fUJG5Iy9pDHI="
        },
        "hendra": {
            "mid": "uca72a90a07399774b3592ea8630cfa95",
            "pay": 1529669680.8200343,
            "runtime": 1527077680.8200343,
            "tempat": "ced5282d5b71cfe81d6f68e5bb3aa7455",
            "token": "EtS7vwQ730VXGGu4CCz5.YNkPcGC5L3sZws6OyWZ6Lq.todeksoUlU7YRRis3oYaaNw+K5z5pZrNfU/QCkzTt+E="
        },
        "mekaku": {
            "mid": "ua5d0430099aca0f80a508c10abfa4ae6",
            "pay": 1528547476.9659927,
            "runtime": 1525955476.9659927,
            "tempat": "ced5282d5b71cfe81d6f68e5bb3aa7455",
            "token": "EtpMf4jchy403OSTEYo6.PDbdajMSOpGkuiWqQ+Pk5G.ZE6L0+t5t0/vNkcMnN2DJKIdHITCv8TPh1EZSnNqyX4="
        },
        "pal": {
            "mid": "uf988b592090122fd0000bd5518fde999",
            "pay": 1528556919.551706,
            "runtime": 1525964919.551706,
            "tempat": "ced5282d5b71cfe81d6f68e5bb3aa7455",
            "token": "EsHfjcEyZZSirjbDUIf9./yI1KGKbiV0aal1vgp3PMq.n4fAJ04gSs/7ZK52unuYLZMfwZOhLuxVHylIbjnl9Wk="
        },
        "sadits": {
            "mid": "u911a53f18a83a7efed7f96474a0d1c75",
            "pay": 1544626943.657506,
            "runtime": 1523890943.657506,
            "tempat": "u1dda062883391e9c87360ab96cd52285",
            "token": "EtPEZziu57nHwDnKsau5.KrPt8yQdP/+TF5zhsG0CDq.1Iu2993ohL4ZrX97K5jlFBU8F+KFF4XbOiLwDdbgx3o="
        },
        "shiina": {
            "mid": "udf1cc52d2369364e4a32086c0976c9b4",
            "pay": 1528970564.8671234,
            "runtime": 1526378564.8671234,
            "tempat": "ced5282d5b71cfe81d6f68e5bb3aa7455",
            "token": "EtBNdHpIgnZDsBHIouF4.3XZflsnPnK5kmGHScxBjTa.eTCKODh0hPocEOK6AbkH44gYgEq37OS4uLDHLi6A2Tg="
        },
        "wiliam": {
            "mid": "u1abaf60a33748568578bcfc59a40e8a0",
            "pay": 1529767320.2024038,
            "runtime": 1527175320.2024038,
            "tempat": "ced5282d5b71cfe81d6f68e5bb3aa7455",
            "token": "Etbfv3DSmdKqnrZidQv0.gRR2cJn0HwHxI8+fMKdOOa.Eq1uXMDclhdDx3mp1CKbK4ETMVfdwxmDHXiEtg/JWmg="
        },
        "zakie": {
            "mid": "u61aa26c453c9be565703f92f0ae82514",
            "pay": 1528799042.1360857,
            "runtime": 1526207042.1360857,
            "tempat": "ced5282d5b71cfe81d6f68e5bb3aa7455",
            "token": "EtrpQu59QPFAzWDYfai4.yAOMXfpjVLzxa+KVcUGLfa.Ijl2auh0bI8NPBoWtsBWzMnlW7A8VHpzCQW05Z760J8="
        }
    }
}