{
    "Addimage": false,
    "Addsticker": false,
    "Anime": false,
    "ChangeCover": true,
    "ChangeDP": false,
    "ChangeGDP": false,
    "GN": "",
    "GROUP": {
        "AM": {
            "AP": {}
        },
        "AR": {
            "AP": [
                "ca02b4b9622d55374fa23db0ed63f6383"
            ],
            "P": {
                "c00d8a0694cdae70af888b4a36a95892d": "Test",
                "c92a2970dd80af63190a79003d14b4e7c": "Hy beb|",
                "ca02b4b9622d55374fa23db0ed63f6383": "Hy darling",
                "ce07d9245530eb1f56fd8d41ed0feab6d": "Kenapa tag :v",
                "ced5282d5b71cfe81d6f68e5bb3aa7455": "Huy"
            },
            "S": {}
        },
        "LM": {
            "AP": [],
            "P": {},
            "S": {
                "ced5282d5b71cfe81d6f68e5bb3aa7455": {
                    "AP": false,
                    "Sticker": {
                        "STKID": "291537",
                        "STKPKGID": "1005662",
                        "STKTXT": "[Sticker]",
                        "STKVER": "1"
                    }
                }
            }
        },
        "WM": {
            "AP": [
                "ced5282d5b71cfe81d6f68e5bb3aa7455"
            ],
            "P": {
                "ced5282d5b71cfe81d6f68e5bb3aa7455": "@!Hm"
            },
            "S": {}
        }
    },
    "Images": {
        "apa": "dataSeen/apa.gif",
        "dor": "dataSeen/dor.gif",
        "ok": "dataSeen/ok.gif",
        "wkwkwk": "dataSeen/wkwkwk.gif"
    },
    "Img": {},
    "Members": 10,
    "MessageCount": true,
    "ROM": {
        "c0346aeb6f15f156e20de1e84836e18d6": {
            "ua90d68769f809fe17949df6dd9971ba1": {
                "msg.id": [
                    "8011480683014"
                ],
                "waktu": [
                    1527179820766
                ]
            },
            "ubb3500e41b55a47b0081705f88d56237": {
                "msg.id": [
                    "7997340690525",
                    "7998449417332",
                    "7998841358070",
                    "8017032540711"
                ],
                "waktu": [
                    1526960463235,
                    1526977259797,
                    1526982424091,
                    1527275720496
                ]
            }
        },
        "c584b558fc0a4ce2181a30aaba5935e82": {
            "u6681b4ce594c904097ba3c3952581bf5": {
                "msg.id": [
                    "7995996852807"
                ],
                "waktu": [
                    1526933663683
                ]
            }
        },
        "c69293661097e21e4659167f1ffe0fbf4": {
            "u6eb517fae5d8de8d1845325e995196a7": {
                "msg.id": [
                    "7997773148305"
                ],
                "waktu": [
                    1526966918443
                ]
            }
        },
        "cac12a95bd282b6c50cafab5df56257d8": {
            "u0cb9b53e3e96bf9c3a8cd6c4b6e81450": {
                "msg.id": [
                    "8014056264749"
                ],
                "waktu": [
                    1527232989214
                ]
            },
            "u3fa6c21db76b80c87a76816c1d45f311": {
                "msg.id": [
                    "8017089467736"
                ],
                "waktu": [
                    1527277920750
                ]
            },
            "ud0880c2bb2151fb5132b7b48a32522ae": {
                "msg.id": [
                    "7998299280152",
                    "8001539313659",
                    "8002539353402",
                    "8003148722883",
                    "8003703909536",
                    "8003935279903",
                    "8005148180250",
                    "8006517004579",
                    "8007764611849",
                    "8009072802162",
                    "8009829185636",
                    "8011095192984",
                    "8011822056457",
                    "8012802983953",
                    "8013367326422",
                    "8013389062354",
                    "8014225671873",
                    "8014234870548",
                    "8014250760555",
                    "8014357347681",
                    "8014370963613",
                    "8014383810279",
                    "8014456452123",
                    "8014484570767",
                    "8015156394874",
                    "8017027183910"
                ],
                "waktu": [
                    1526975087248,
                    1527026533339,
                    1527045111743,
                    1527054172685,
                    1527062609559,
                    1527065761313,
                    1527080225472,
                    1527102458854,
                    1527130006417,
                    1527149983267,
                    1527159757440,
                    1527173645359,
                    1527189825806,
                    1527213436641,
                    1527222066383,
                    1527222392504,
                    1527235520201,
                    1527235650814,
                    1527235875744,
                    1527237355382,
                    1527237541331,
                    1527237715631,
                    1527238675249,
                    1527239034880,
                    1527247172852,
                    1527275519125
                ]
            }
        },
        "cdf26523f77c64dd9e8737532294c8e28": {
            "u1062561eeabf4b1c4b13e3c7f8a2e0dc": {
                "msg.id": [
                    "7999862948880"
                ],
                "waktu": [
                    1526994334364
                ]
            },
            "u22a340bd2e2f8037881c0937d9fa3335": {
                "msg.id": [
                    "8005816802787",
                    "8005843276357",
                    "8006083489091"
                ],
                "waktu": [
                    1527087583738,
                    1527087917618,
                    1527091569762
                ]
            },
            "u45eec7748099536fd105ce8cbd80a77f": {
                "msg.id": [
                    "8001092922354"
                ],
                "waktu": [
                    1527012880045
                ]
            },
            "u4d55dda6bfccc521d99312a33585b1ce": {
                "msg.id": [
                    "8016234386926",
                    "8016241714989",
                    "8016245244784"
                ],
                "waktu": [
                    1527258990402,
                    1527259075628,
                    1527259116937
                ]
            },
            "u4fa108ff2dce26f9632570a5e75de008": {
                "msg.id": [
                    "8016244852660"
                ],
                "waktu": [
                    1527259112326
                ]
            },
            "u53f4ff41bc4acd14af7d064a8e5ba942": {
                "msg.id": [
                    "8013079930036"
                ],
                "waktu": [
                    1527217972726
                ]
            },
            "u581b202769a1f827fcdc2ba73d900c21": {
                "msg.id": [
                    "7999880885931"
                ],
                "waktu": [
                    1526994527192
                ]
            },
            "u7f8b600054e3730be1fd022550cdf1e0": {
                "msg.id": [
                    "8010593790032"
                ],
                "waktu": [
                    1527168232951
                ]
            },
            "u84563a0cf0f371843a57365cbe9a9fe4": {
                "msg.id": [
                    "7999879871427",
                    "7999889242663"
                ],
                "waktu": [
                    1526994516245,
                    1526994615483
                ]
            },
            "ua0a69dc462140624a75b078ea5631141": {
                "msg.id": [
                    "7999860243339",
                    "8000772404118"
                ],
                "waktu": [
                    1526994305272,
                    1527005369251
                ]
            },
            "uae0d8c00e1e8198bdf2178f704b31cc0": {
                "msg.id": [
                    "8005508262301"
                ],
                "waktu": [
                    1527084040819
                ]
            },
            "ub4a77bd5200723f9c23d52a18e83887e": {
                "msg.id": [
                    "7998544495412",
                    "7998545604081",
                    "7998572299435",
                    "8006959238867",
                    "8006962292673",
                    "8006966133646",
                    "8009390211482",
                    "8009403062971",
                    "8009427080339",
                    "8009460725566",
                    "8016962967708",
                    "8016964533460"
                ],
                "waktu": [
                    1526978577237,
                    1526978592404,
                    1526978953322,
                    1527115194784,
                    1527115261402,
                    1527115345367,
                    1527154256674,
                    1527154421254,
                    1527154729529,
                    1527155156324,
                    1527273198255,
                    1527273252740
                ]
            },
            "ub621484bd88d2486744123db00551d5e": {
                "msg.id": [
                    "7998330509733"
                ],
                "waktu": [
                    1526975548763
                ]
            },
            "uce2cfdf27f8c9d89eddb1cffdd841e90": {
                "msg.id": [
                    "7998613919231",
                    "7999109425269",
                    "8000594132687"
                ],
                "waktu": [
                    1526979509852,
                    1526985754152,
                    1527002520384
                ]
            },
            "ud0abf5c299a585ce76bfe120df3ea092": {
                "msg.id": [
                    "8014659737033"
                ],
                "waktu": [
                    1527241204087
                ]
            },
            "udf060a89ebb2af83af77edddb767c329": {
                "msg.id": [
                    "8011369588482"
                ],
                "waktu": [
                    1527177613456
                ]
            },
            "ue36af223b6f57da66585e5313c653dd1": {
                "msg.id": [
                    "8010683981130",
                    "8010862386489",
                    "8016245568453",
                    "8016246513491",
                    "8016247632474",
                    "8016247857730",
                    "8016364920199",
                    "8018439046003"
                ],
                "waktu": [
                    1527169153227,
                    1527171013764,
                    1527259120887,
                    1527259131944,
                    1527259144975,
                    1527259147684,
                    1527260570525,
                    1527308072869
                ]
            }
        },
        "ced5282d5b71cfe81d6f68e5bb3aa7455": {
            "u0cb9b53e3e96bf9c3a8cd6c4b6e81450": {
                "msg.id": [
                    "8001029177488",
                    "8014057862706"
                ],
                "waktu": [
                    1527011124125,
                    1527233013519
                ]
            },
            "u1abaf60a33748568578bcfc59a40e8a0": {
                "msg.id": [
                    "8011423344561"
                ],
                "waktu": [
                    1527178620390
                ]
            },
            "u1dda062883391e9c87360ab96cd52285": {
                "msg.id": [
                    "8007499398851",
                    "8008874490469",
                    "8011055426079",
                    "8017349775590"
                ],
                "waktu": [
                    1527125604953,
                    1527147038389,
                    1527173169259,
                    1527286861918
                ]
            },
            "u4da51453a8473d250a7ac537a16ef9eb": {
                "msg.id": [
                    "8008868873183",
                    "8016651266004"
                ],
                "waktu": [
                    1527146952675,
                    1527264919297
                ]
            },
            "u61aa26c453c9be565703f92f0ae82514": {
                "msg.id": [
                    "8013860454603",
                    "8013862704609"
                ],
                "waktu": [
                    1527229920662,
                    1527229956095
                ]
            },
            "u8e039acfbb0166ac40cf9106ea5eac6c": {
                "msg.id": [
                    "8010206614711",
                    "8011376860822",
                    "8011378372513",
                    "8011408442710",
                    "8011421747409",
                    "8011433082079",
                    "8011443203791",
                    "8011833704269"
                ],
                "waktu": [
                    1527164142902,
                    1527177743116,
                    1527177770333,
                    1527178330554,
                    1527178588754,
                    1527178815563,
                    1527179021676,
                    1527190250588
                ]
            },
            "u911a53f18a83a7efed7f96474a0d1c75": {
                "msg.id": [
                    "7997233980071",
                    "8005149133715",
                    "8007621521149",
                    "8011140287202",
                    "8011381223354",
                    "8013558674059",
                    "8013862845806",
                    "8013989767236"
                ],
                "waktu": [
                    1526958975940,
                    1527080235366,
                    1527127683564,
                    1527174203315,
                    1527177821927,
                    1527225082075,
                    1527229958411,
                    1527231968631
                ]
            },
            "uca72a90a07399774b3592ea8630cfa95": {
                "msg.id": [
                    "8008868864313",
                    "8013560705529",
                    "8018018113413"
                ],
                "waktu": [
                    1527146952681,
                    1527225115944,
                    1527301326598
                ]
            },
            "udf1cc52d2369364e4a32086c0976c9b4": {
                "msg.id": [
                    "8013445130232",
                    "8013940662644"
                ],
                "waktu": [
                    1527223251131,
                    1527231193636
                ]
            },
            "uf19dd766cccf032eae3e60732e6e3e4e": {
                "msg.id": [
                    "8007621807020",
                    "8007649660362",
                    "8015438163056",
                    "8016651272175"
                ],
                "waktu": [
                    1527127688292,
                    1527128150827,
                    1527250393833,
                    1527264919430
                ]
            }
        },
        "u0cb9b53e3e96bf9c3a8cd6c4b6e81450": {
            "u0cb9b53e3e96bf9c3a8cd6c4b6e81450": {
                "msg.id": [
                    "8001044230169"
                ],
                "waktu": [
                    1527011526888
                ]
            }
        }
    },
    "ROM1": {},
    "Sticker": {
        ":v": {
            "STKID": "32808587",
            "STKPKGID": "3128472",
            "STKTXT": "[Sticker]",
            "STKVER": "1"
        },
        ">:(": {
            "STKID": "26765574",
            "STKPKGID": "1862778",
            "STKTXT": "[Sticker]",
            "STKVER": "1"
        },
        "hmm": {
            "STKID": "291528",
            "STKPKGID": "1005662",
            "STKTXT": "[Sticker]",
            "STKVER": "1"
        }
    },
    "Unsend": {
        "c0346aeb6f15f156e20de1e84836e18d6": {
            "B": []
        },
        "c53e979a07d179988128df335bd6692f5": {
            "B": [
                "7997377304982"
            ]
        },
        "c584b558fc0a4ce2181a30aaba5935e82": {
            "B": []
        },
        "c69293661097e21e4659167f1ffe0fbf4": {
            "B": [
                "7997349782264",
                "7997350788522",
                "7997354772721",
                "7997354825760",
                "7997363683111",
                "7997375444958"
            ]
        },
        "c7a3ac2663a9698b3354d1df6431772f0": {
            "B": [
                "7997390522714",
                "7997394797547",
                "7998327208681"
            ]
        },
        "c87659db2ec00939445b3e137ff633a60": {
            "B": []
        },
        "cac12a95bd282b6c50cafab5df56257d8": {
            "B": []
        },
        "cdf26523f77c64dd9e8737532294c8e28": {
            "B": [
                "7995984801796",
                "7998330216081",
                "7998330216081",
                "7998330899403",
                "7998330923999",
                "7998331548173",
                "7998331817907",
                "7998332864723",
                "7998333032088",
                "7998333411479",
                "7998333558573",
                "7998333662087",
                "7998334140933",
                "7998334227831",
                "7998335775693",
                "7998335775693",
                "7998335909943",
                "7998335990995",
                "7998336699519",
                "7998438161592",
                "7998440345310",
                "7999361664552",
                "7999364345176",
                "7999365698131",
                "7999368293194",
                "7999416588242",
                "7999419173693",
                "7999421010878",
                "7999423434427",
                "7999426119062",
                "7999428919088",
                "7999511270559",
                "7999513987677",
                "8001231826758",
                "8001232706621",
                "8003051704859",
                "8003053579241",
                "8005490450034",
                "8005906570459",
                "8005908589088",
                "8005978556923",
                "8005980505557",
                "8005980806188",
                "8005982521854",
                "8006018431053",
                "8006020242015",
                "8006023345577",
                "8006025170676",
                "8006105693771",
                "8006109309780",
                "8006110716070",
                "8006112956118",
                "8006123100782",
                "8006123301383",
                "8006124292500",
                "8006125840387",
                "8006132903513",
                "8006134062455",
                "8006139879133",
                "8006141343780",
                "8006864946955",
                "8006884434048",
                "8006886734390",
                "8008322901993",
                "8008324711639",
                "8010581776201",
                "8010585057968",
                "8010585158707",
                "8010585452692",
                "8010590748828",
                "8010594726093",
                "8010594726093",
                "8010594859804",
                "8010596690670",
                "8010597038062",
                "8010597830023",
                "8010597989298",
                "8010598142181",
                "8010599246469",
                "8010599246469",
                "8010599443755",
                "8010600731363",
                "8010600945169",
                "8010601160604",
                "8010601758705",
                "8010602320555",
                "8010604881703",
                "8010605469798",
                "8010605711642",
                "8010607648451",
                "8010608108757",
                "8010608251802",
                "8010608514459",
                "8010608654232",
                "8010613909814",
                "8010616329086",
                "8010616728934",
                "8010617245089",
                "8010617588157",
                "8010618788934",
                "8010618938110",
                "8010620629256",
                "8010620718552",
                "8010620814334",
                "8010622830512",
                "8010622921039",
                "8010623034188",
                "8010623752107",
                "8010626576826",
                "8010627648924",
                "8010628238442",
                "8010628967227",
                "8010629577503",
                "8010630193722",
                "8010631952010",
                "8010641116880",
                "8010643765911",
                "8010643757131",
                "8010648554766",
                "8010651516713",
                "8010656092124",
                "8010656172491",
                "8010658986922",
                "8010661401433",
                "8010695632144",
                "8011417813149",
                "8011419338174",
                "8012854244348",
                "8012856190746",
                "8015034753412",
                "8015037231896",
                "8015076488141",
                "8015078636355",
                "8016242735276",
                "8016245318031",
                "8016247332103",
                "8016249903156"
            ]
        },
        "ced5282d5b71cfe81d6f68e5bb3aa7455": {
            "B": [
                "7966547070770",
                "7995951383594",
                "7995951379935",
                "7995951668595",
                "7995951671032",
                "7995951990506",
                "7995952371795",
                "7995952371999",
                "7995952610310",
                "7995952614146",
                "7995952674701",
                "7995955760018",
                "7996292058087",
                "7996698557738",
                "7996976019321",
                "7996976894921",
                "7996980525712",
                "7997684437978",
                "7997689702197",
                "7998343955763",
                "7998343955763",
                "7998344985747",
                "7998344985747",
                "7998346157949",
                "7998346317805",
                "7998346317805",
                "7998347322242",
                "7998347322242",
                "7998347524893",
                "7998348893323",
                "7998349162864",
                "7998349268508",
                "7998349506274",
                "7998349582754",
                "7998349682415",
                "7998352827658",
                "7998353099184",
                "7998354238407",
                "7998354511597",
                "7998354612537",
                "7998354952455",
                "7998355168119",
                "7998355890134",
                "7998355941788",
                "7998356160701",
                "7998454157812",
                "8000196518096",
                "8004597477114",
                "8004930026352",
                "8004995568678",
                "8005012768393",
                "8005082552944",
                "8005085253113",
                "8005166906764",
                "8005169658043",
                "8005231400226",
                "8005261888364",
                "8005264730033",
                "8005286788830",
                "8005289576724",
                "8005498896005",
                "8005511925355",
                "8006252225596",
                "8006252474103",
                "8006252770381",
                "8006255345547",
                "8006255345547",
                "8006864790319",
                "8007099220368",
                "8007134146728",
                "8007139199928",
                "8007140683429",
                "8007201275512",
                "8007458564817",
                "8007469721794",
                "8007472187851",
                "8007498499864",
                "8007583675208",
                "8008870547145",
                "8008871351169",
                "8008871565235",
                "8008871567669",
                "8008871961856",
                "8008871959780",
                "8008872210662",
                "8008872211576",
                "8010321221632",
                "8010834637641",
                "8010837249144",
                "8011135484026",
                "8011248040813",
                "8011376726313",
                "8011376916570",
                "8011378399826",
                "8011397199426",
                "8011505684818",
                "8011505858471",
                "8011508400574",
                "8011508400574",
                "8011508521682",
                "8011510678058",
                "8011510678058",
                "8011510805146",
                "8011510931414",
                "8011511094992",
                "8012415107360",
                "8013266233134",
                "8013384832531",
                "8013384831816",
                "8013386039272",
                "8013386092940",
                "8013386097439",
                "8013386333082",
                "8013386325157",
                "8013386932770",
                "8013387521659",
                "8013387539958",
                "8013433892282",
                "8013448800372",
                "8013559652684",
                "8013655695282",
                "8013705944179",
                "8013723713422",
                "8013725542584",
                "8013726527695",
                "8013760178816",
                "8013768276001",
                "8013776152240",
                "8013803100695",
                "8013885135954",
                "8014425821453",
                "8014427937952",
                "8014777386496",
                "8014780825263",
                "8016652558289",
                "8016657482016",
                "8016657482770",
                "8016658743396",
                "8016658743396"
            ]
        },
        "u040d35af6c10ba18dca4c72db1f94ed3": {
            "B": [
                "7997345701068",
                "7997345860227",
                "7997352101242",
                "7997364436248",
                "7997365149745",
                "7997365325853",
                "7997365629546",
                "7997365792964",
                "7997366097048",
                "7997366290262",
                "7997367031664",
                "7997370121629",
                "7997371327429",
                "7997371662190",
                "7997373173796",
                "7997373676545",
                "7997384281068",
                "7997384324572",
                "7997384324572",
                "7997385253150",
                "7997385473938",
                "7997395427225",
                "7997395595061",
                "7997395787757",
                "7997397634329",
                "7997397832882",
                "7997399951852",
                "7997400139024",
                "7997400741471",
                "7997404215623",
                "7997404323060",
                "7997407078135",
                "7997407423848",
                "7997407530526",
                "7997409418337",
                "7997409488045",
                "7997409685925",
                "7997409840667",
                "7997420980824",
                "7998320838516",
                "7998320898512",
                "7998320945201",
                "7998320994257",
                "7998321045326",
                "7998321098117",
                "7998321161518",
                "7998321199995",
                "7998321257021",
                "7998321340512",
                "7998321404684",
                "7998321455475",
                "7998321515248",
                "7998321586259",
                "7998321640983",
                "7998602500563",
                "8013010023905",
                "8013017461963",
                "8013017973733",
                "8013062632175",
                "8013062835533",
                "8013063705008",
                "8013063786653",
                "8013382579749"
            ]
        },
        "u0cb9b53e3e96bf9c3a8cd6c4b6e81450": {
            "B": [
                "7997343017913",
                "7997343400111",
                "7997343725594",
                "7997406357907",
                "8002228553171",
                "8002345347450",
                "8002345559806",
                "8002345919301",
                "8003701179371",
                "8006121959841"
            ]
        },
        "u1dda062883391e9c87360ab96cd52285": {
            "B": [
                "7995982325981",
                "7995982664900",
                "7995982838955",
                "7995982952152",
                "7995982952152",
                "7995983394176",
                "7995983400303",
                "7995983705560",
                "7995983705560",
                "7995983830589",
                "7995983889051",
                "7995983892460",
                "7995983889051",
                "7995983910916",
                "7995984284595",
                "7995985030780",
                "7995985037055"
            ]
        },
        "u2035db0e47c7f76b859d2dd109cf3f55": {
            "B": [
                "8009673984277",
                "8012093587478"
            ]
        },
        "u2a7a6d77841b53afda3db6264438c9ad": {
            "B": [
                "8016720387840"
            ]
        },
        "u53c299e860f69f8016cae15a02bf4b28": {
            "B": [
                "8014798153944"
            ]
        },
        "u56784e1e80ea4afced130097c805f867": {
            "B": [
                "7999191613471",
                "8008868549843",
                "8008997504354",
                "8008997613351",
                "8010574074111",
                "8010574275136",
                "8011507672745",
                "8013675810510",
                "8016638091249",
                "8016638885036",
                "8016638968949",
                "8016639906601"
            ]
        },
        "u6681b4ce594c904097ba3c3952581bf5": {
            "B": [
                "7996005461704",
                "7996005511576",
                "7996006375025",
                "7996006391429",
                "7996031729057",
                "7996095687713",
                "7996095794273",
                "7996095844450",
                "7996095978135",
                "7996096111383",
                "7996096256752",
                "7996096320307",
                "7996096364523",
                "7996096810408",
                "7996096887832",
                "7996096954264",
                "7996097016379",
                "7996097082627",
                "7996586541422",
                "7996586606848",
                "7996586932657",
                "7998904913255",
                "7999120564854"
            ]
        },
        "u6f98d5e7dced62b1140271c9d8fd1da6": {
            "B": [
                "8007774371806",
                "8009017286371"
            ]
        },
        "u82547d10363af0f361419c0a26c6598a": {
            "B": [
                "7996588784135",
                "7996588840600",
                "7996633086214",
                "8011506177965",
                "8011506296183",
                "8011506336040",
                "8012092341054",
                "8012092583354"
            ]
        },
        "u889ba51da84c5a7ad982e3a0540c1696": {
            "B": [
                "8014723906340"
            ]
        },
        "u911a53f18a83a7efed7f96474a0d1c75": {
            "B": [
                "8011384713658"
            ]
        },
        "u9730c63a61e8449e0932a6953548edb0": {
            "B": [
                "7997355396974",
                "7997355441338",
                "7997359836881",
                "7997360161536",
                "7997360305854",
                "7997360486076",
                "7997368112842",
                "7997368185618",
                "7997368256730",
                "7997368386317",
                "7997368487982",
                "7997368582010",
                "7997375974863",
                "7997376050103",
                "7997376108365",
                "7997383318757"
            ]
        },
        "ua0a4623b4863382b555dae26f197ba6e": {
            "B": [
                "8005951883535"
            ]
        },
        "ua5d0430099aca0f80a508c10abfa4ae6": {
            "B": [
                "8017379798577",
                "8017379884903",
                "8017379951655",
                "8018272129187",
                "8018272285428",
                "8018283852937",
                "8018284077521"
            ]
        },
        "ub0a437d8c41b2949e1de3f884ac32e02": {
            "B": []
        },
        "ub4a77bd5200723f9c23d52a18e83887e": {
            "B": [
                "8016963174603",
                "8017369317332"
            ]
        },
        "ubcf50248e6d973c0cd1e7b4b2113dc37": {
            "B": [
                "7996005093747",
                "7996005777003",
                "7996005878787",
                "7996005901443",
                "7996005974573",
                "7996006076609",
                "7996006123203",
                "7996006570455",
                "7996006612002",
                "7996006644127",
                "7996006943151",
                "7996006997751",
                "7996007037831",
                "7996007676328",
                "7996007800996",
                "7996016048932",
                "7996016402778",
                "7996020085804",
                "7996020125057",
                "7996020377875",
                "7996020498219",
                "7996021009396",
                "7996021086880",
                "7996021154104",
                "7996021543576",
                "7996021702156",
                "7996021748360",
                "7996029052720",
                "7996029108327",
                "7996029530212",
                "7996029560117",
                "7996029812825",
                "7996029843689",
                "7996029874350",
                "7996030742547",
                "7996030795732",
                "7996030857619",
                "7996030901119",
                "7996031013088",
                "7996031043509",
                "7996038057927",
                "7996038119790",
                "7996038508972",
                "7996041246448",
                "7996041265885",
                "7996041311968",
                "7996094662182",
                "7996094764012",
                "7996095124827",
                "7996098181360",
                "7997410804945",
                "7997410820479",
                "7997418632927",
                "7997418633419",
                "7997418647203",
                "7997418926880",
                "7997419362873",
                "7997419570629",
                "7997419577349",
                "7997421334171",
                "7997421361435",
                "7997421739416",
                "7997421803850",
                "7997421944990",
                "7997422149566",
                "7997422242876",
                "7997424315631",
                "7997424367500",
                "7997424422291",
                "7997424503748",
                "7997424587573",
                "7997430333270",
                "7997430404715",
                "7997430516306",
                "7997433037723",
                "7997433115584",
                "7997433421988",
                "7997433494194",
                "7997433615193",
                "7997438364458",
                "7997442105461",
                "7997442133215",
                "7998600596345",
                "7998600948573",
                "7998644999169",
                "7998645287491",
                "7998645668647",
                "7998645899342",
                "7998646027368",
                "7998904404942"
            ]
        },
        "uc8bfe812b88ddcefa1e39780315e4795": {
            "B": [
                "8007484532654",
                "8008869565600",
                "8011505206950",
                "8012089416054",
                "8012089450144",
                "8012089499270"
            ]
        },
        "uccea3b6c0299b898b563ad3d3aa7df04": {
            "B": [
                "8013012102470",
                "8013383274104",
                "8013383444209",
                "8013383578230",
                "8013384365556",
                "8016644568541",
                "8016644567388",
                "8016644570183",
                "8018269736397",
                "8018270060043",
                "8018270056463",
                "8018270343568",
                "8018270672216",
                "8018270819343",
                "8018270819493",
                "8018270823991",
                "8018271055476",
                "8018271047786",
                "8018271057128",
                "8018271172306",
                "8018271166930",
                "8018271163848",
                "8018271282915",
                "8018271283136",
                "8018271289783"
            ]
        },
        "ucf0e58f022b529f9efb968109e352628": {
            "B": [
                "8007666533603",
                "8008873276038"
            ]
        },
        "ud3a080aaffbea86371990a76796b5827": {
            "B": [
                "8008538166789",
                "8008874639948"
            ]
        },
        "ud76eb77007e27e2ba1f57071ea6ab806": {
            "B": [
                "8012597564669"
            ]
        },
        "ud8dfe5e3024e49fc10ee2f1d412e56ae": {
            "B": [
                "8010573516671",
                "8011504890601",
                "8011505011574"
            ]
        },
        "ue5f2581f60ff9b31c224ee3129c91563": {
            "B": [
                "8011875316155"
            ]
        },
        "ue9f99940db76b9e7bc43e40cf2527719": {
            "B": [
                "7997423720906",
                "7997425444410",
                "7997425563218",
                "7997425750620"
            ]
        },
        "uf61622554ba69f7fb65f4008656ec952": {
            "B": [
                "8001247391946"
            ]
        }
    },
    "autoAdd": false,
    "autoCancel": [],
    "autoJoin": false,
    "autoaddpesan": "Holla @!greeting\n\nThanks for adding me as a friend :')\n\nOpen order Selfbots ~\nInteresting ? Just Leave a message bro @!:')\n\nspeed up too 0.004\nFeature? updated ASAP..\nFor now, have a special feature!\nFancyname [ Your DisplayName will be changed at the time u set up ]\nVideo and Profile Picture [ Set your Picture as A Thumbnail, and video, Max 5 minutes ;') ]\n\nWhat about the price ?\nAsk me then :')\n\nThank @!",
    "autochat": [],
    "autochats": [],
    "autoread1": false,
    "autoread2": true,
    "blacklist": [],
    "bots": [
        "u3e2ff6b5ced9738c3b44e30267923adf",
        "u5812e04ea0a549d57fbb42c9a71e0b8b",
        "ua5d0430099aca0f80a508c10abfa4ae6",
        "ub0a437d8c41b2949e1de3f884ac32e02",
        "uc01411be5c3c42dc218a435c9b87a7c8",
        "udf1cc52d2369364e4a32086c0976c9b4",
        "uf021e2fc9470a98523f3420e18e1578f",
        "uf19dd766cccf032eae3e60732e6e3e4e",
        "ud04081db2331758280d57e0169ae0700",
        "u24d2ce778ab32cf95090a15c3d9a5a0a"
    ],
    "clock": false,
    "dblacklist": false,
    "dwhitelist": false,
    "keyword": {
        "c298fd9fc2568d79be1a6a44949e6af4b": {
            "B": {},
            "F": false
        },
        "c49c382752f24f7a1e4e1e1fa50cdf7bf": {
            "B": {},
            "F": false
        },
        "c5eb4f975b5965afecd396de622b51100": {
            "B": {},
            "F": false
        },
        "ced5282d5b71cfe81d6f68e5bb3aa7455": {
            "B": {},
            "F": false
        },
        "u8cae982abc647f463d9d1baae6138d57": {
            "B": {},
            "F": false
        }
    },
    "kick": false,
    "kitsunecontact": [],
    "kitsuneprotection": [],
    "kitsuneshare": [],
    "kitsuneurl": [],
    "kitsunewelcome": {},
    "leaveRoom": false,
    "lfriend": [],
    "lurkauto": false,
    "lurkp": {},
    "lurkt": {},
    "pname": [],
    "ppict": [],
    "pro_name": {},
    "readPoint": {},
    "readPoints": {},
    "setTime": {},
    "setTimess": [],
    "setkey": "",
    "spam": "Al Ganteng",
    "status": true,
    "talkban": {
        "cvp": false,
        "name": "Ř̗͟҉͓h͎҉҉y҉̞̱ͤͮN͌ͩ͌",
        "pict": "",
        "time": 1527313676.8854496,
        "timer": 60,
        "video": "/tmp/linepy-1526933210-3.bin"
    },
    "talkblacklist": {
        "L": "Aditya~",
        "O": "/0h9hYw5RvsZkdkDkrLaG8ZEFhLaCoTIGAPHGF7cRUGMXQZbXMWXW5-JEYMbX8cPnJBCDwuIUMHbXNP",
        "S": "deac998e669079c031dc162b0946ab3e",
        "U": "Open order selfbot ~\nSpeed up to 0.004, Feature ? up to date~ and will be updated as soon as possible !!\nPrice ? Pc me mank ~ Dont Forget Remember Me",
        "tos": {
            "c0346aeb6f15f156e20de1e84836e18d6": {
                "expire": false,
                "flood": 0,
                "time": 1527124659.308899
            },
            "c53e979a07d179988128df335bd6692f5": {
                "expire": false,
                "flood": 0,
                "time": 1527082724.2371373
            },
            "c584b558fc0a4ce2181a30aaba5935e82": {
                "expire": false,
                "flood": 0,
                "time": 1526934010.647807
            },
            "c69293661097e21e4659167f1ffe0fbf4": {
                "expire": false,
                "flood": 0,
                "time": 1527122730.5305429
            },
            "c7a3ac2663a9698b3354d1df6431772f0": {
                "expire": false,
                "flood": 0,
                "time": 1526975487.6194608
            },
            "c87659db2ec00939445b3e137ff633a60": {
                "expire": false,
                "flood": 0,
                "time": 1526488343.0316093
            },
            "cac12a95bd282b6c50cafab5df56257d8": {
                "expire": false,
                "flood": 1,
                "time": 1527125043.150617
            },
            "cdf26523f77c64dd9e8737532294c8e28": {
                "expire": false,
                "flood": 1,
                "time": 1527124989.4719388
            },
            "ced5282d5b71cfe81d6f68e5bb3aa7455": {
                "expire": true,
                "flood": 0,
                "time": 1527124890.956578
            },
            "u040d35af6c10ba18dca4c72db1f94ed3": {
                "expire": false,
                "flood": 0,
                "time": 1526982135.4008048
            },
            "u0cb9b53e3e96bf9c3a8cd6c4b6e81450": {
                "expire": false,
                "flood": 0,
                "time": 1527090232.7403028
            },
            "u354348e08127fd3e59b607db5a7a9885": {
                "expire": false,
                "flood": 0,
                "time": 1527064523.5670638
            },
            "u56784e1e80ea4afced130097c805f867": {
                "expire": false,
                "flood": 0,
                "time": 1526970190.518333
            },
            "u6681b4ce594c904097ba3c3952581bf5": {
                "expire": false,
                "flood": 0,
                "time": 1526986545.5937495
            },
            "u716361b82fc1f42f99ceefc8b7e5c355": {
                "expire": false,
                "flood": 0,
                "time": 1526946365.7521844
            },
            "u82547d10363af0f361419c0a26c6598a": {
                "expire": false,
                "flood": 0,
                "time": 1526947978.0139751
            },
            "u84e034a981e7a6d8d0a710b982c95211": {
                "expire": false,
                "flood": 1,
                "time": 1527078352.435372
            },
            "u8d24685506d3e51ff1108af97da979c2": {
                "expire": false,
                "flood": 0,
                "time": 1527077404.189845
            },
            "u95ef9e35be165d323477d4136b3db8ae": {
                "expire": false,
                "flood": 0,
                "time": 1526962205.1676323
            },
            "u9730c63a61e8449e0932a6953548edb0": {
                "expire": false,
                "flood": 0,
                "time": 1526961098.349978
            },
            "ua90d68769f809fe17949df6dd9971ba1": {
                "expire": false,
                "flood": 0,
                "time": 1527069698.959198
            },
            "ub0a3e2fdc43a15668912efa662618ca5": {
                "expire": false,
                "flood": 0,
                "time": 1527079807.2461376
            },
            "ubb3500e41b55a47b0081705f88d56237": {
                "expire": false,
                "flood": 0,
                "time": 1527008915.3559837
            },
            "ubcf50248e6d973c0cd1e7b4b2113dc37": {
                "expire": false,
                "flood": 1,
                "time": 1526980153.8721805
            },
            "ubee84c862edf0729a115ed4df78dfd7b": {
                "expire": false,
                "flood": 0,
                "time": 1526974788.3588245
            },
            "uc0042bf53045a4e540527769a5ef0dec": {
                "expire": false,
                "flood": 0,
                "time": 1527060691.945399
            },
            "ud0880c2bb2151fb5132b7b48a32522ae": {
                "expire": false,
                "flood": 2,
                "time": 1527065742.0016308
            },
            "ue9f99940db76b9e7bc43e40cf2527719": {
                "expire": false,
                "flood": 2,
                "time": 1526962002.5232425
            },
            "uf61622554ba69f7fb65f4008656ec952": {
                "expire": false,
                "flood": 0,
                "time": 1527017794.3970926
            },
            "ufbed16431f1ea33daea6dd0e9609d7ce": {
                "expire": false,
                "flood": 0,
                "time": 1527046681.7313755
            }
        }
    },
    "talkdblacklist": false,
    "talkwblacklist": false,
    "target": [],
    "tdblacklist": false,
    "timeline": [
        "F͎̗̫̰̒̍͗͋aͭ̔͋̾͟d̪̓͘h̟̬͈̥͓ǐ̤͋́ͅL̵͔̟̱͈̠͚ͩ̄͋͒̌̏̚ͅ™̶̗̥̰̱̼̺͙̋̆͒̈ͤͥ̚",
        "R͟҉h҉y҉N҉ッ",
        "F҉a҉d҉͟h҉iL҉ッ",
        "Ř̗͟҉͓h͎҉҉y҉̞̱ͤͮN͖̱͌ͩ͌ͅ҉̖̍",
        "F̴҉̦͖à̬͓̔̀҉̬̟̬̈̔́d̷҉̳̯͊͟h̅͗҉̰̊͠ȉ͖̠̪̃ͨL҉ͨ͋",
        "Ặ̗ͫ͞l̘͚̝èsḧ̴̗̺́̋a̝̼̭",
        "K̦̫̬̈́͆̓a͙̻͍n͇͐͡s̯͕͕h͚̳̻̑̉͛͘a̝̤ͭ̽",
        "Ã͡d̶̼̝̩e̬͉̊ͩ͢e̡̓͊v̨͇͔͔ả̌"
    ],
    "tos": {
        "c0346aeb6f15f156e20de1e84836e18d6": {},
        "c53e979a07d179988128df335bd6692f5": {},
        "c584b558fc0a4ce2181a30aaba5935e82": {
            "setset": false
        },
        "c69293661097e21e4659167f1ffe0fbf4": {},
        "c7a3ac2663a9698b3354d1df6431772f0": {
            "setset": false
        },
        "cac12a95bd282b6c50cafab5df56257d8": {},
        "cdf26523f77c64dd9e8737532294c8e28": {},
        "ced5282d5b71cfe81d6f68e5bb3aa7455": {},
        "u040d35af6c10ba18dca4c72db1f94ed3": {},
        "u086b96fca1a41ddb1d252d8338f5b817": {},
        "u0cb9b53e3e96bf9c3a8cd6c4b6e81450": {
            "setset": false
        },
        "u1abaf60a33748568578bcfc59a40e8a0": {},
        "u2035db0e47c7f76b859d2dd109cf3f55": {
            "setset": false
        },
        "u354348e08127fd3e59b607db5a7a9885": {},
        "u51a5fbf91a1560ae6ac5192f880b9e4a": {},
        "u53c299e860f69f8016cae15a02bf4b28": {},
        "u56784e1e80ea4afced130097c805f867": {},
        "u6681b4ce594c904097ba3c3952581bf5": {
            "setset": false
        },
        "u716361b82fc1f42f99ceefc8b7e5c355": {
            "setset": false
        },
        "u72e0842afab6319d4eafeb4ecb383fc8": {},
        "u82547d10363af0f361419c0a26c6598a": {
            "setset": false
        },
        "u84e034a981e7a6d8d0a710b982c95211": {
            "setset": false
        },
        "u8d24685506d3e51ff1108af97da979c2": {
            "setset": false
        },
        "u911a53f18a83a7efed7f96474a0d1c75": {},
        "u9424269cdb236e6a63b0811d32fb6ebb": {
            "setset": false
        },
        "u95ef9e35be165d323477d4136b3db8ae": {
            "setset": false
        },
        "u9730c63a61e8449e0932a6953548edb0": {
            "setset": false
        },
        "ua5d0430099aca0f80a508c10abfa4ae6": {},
        "ua90d68769f809fe17949df6dd9971ba1": {},
        "ub0a3e2fdc43a15668912efa662618ca5": {
            "setset": false
        },
        "ub4a77bd5200723f9c23d52a18e83887e": {},
        "ubb3500e41b55a47b0081705f88d56237": {},
        "ubcf50248e6d973c0cd1e7b4b2113dc37": {
            "setset": false
        },
        "ubee84c862edf0729a115ed4df78dfd7b": {},
        "ubf04fabf3e1bf4a546f065928c55f1e4": {},
        "uc0042bf53045a4e540527769a5ef0dec": {},
        "uc8bfe812b88ddcefa1e39780315e4795": {
            "setset": false
        },
        "uccea3b6c0299b898b563ad3d3aa7df04": {},
        "ud0880c2bb2151fb5132b7b48a32522ae": {},
        "ud8dfe5e3024e49fc10ee2f1d412e56ae": {
            "setset": false
        },
        "ue9f99940db76b9e7bc43e40cf2527719": {
            "setset": false
        },
        "uf61622554ba69f7fb65f4008656ec952": {
            "setset": false
        },
        "ufbed16431f1ea33daea6dd0e9609d7ce": {}
    },
    "twblacklist": false,
    "wblacklist": false,
    "word": "ErUFmrnv4b0MN68PBMK6.PDbdajMSOpGkuiWqQ+Pk5G.CcSuIE69XO/7bY6tw9s8qpG98Dd1u0m3utsznfoqaL8=",
    "wwhitelist": false
}