{
    "Addimage": false,
    "Addsticker": false,
    "Anime": false,
    "ChangeCover": false,
    "ChangeDP": false,
    "ChangeGDP": false,
    "GN": "",
    "GROUP": {
        "AM": {
            "AP": {}
        },
        "AR": {
            "AP": [],
            "P": {
                "ced5282d5b71cfe81d6f68e5bb3aa7455": "Huy"
            },
            "S": {}
        },
        "LM": {
            "AP": [],
            "P": {},
            "S": {
                "ced5282d5b71cfe81d6f68e5bb3aa7455": {
                    "AP": false,
                    "Sticker": {
                        "STKID": "291537",
                        "STKPKGID": "1005662",
                        "STKTXT": "[Sticker]",
                        "STKVER": "1"
                    }
                }
            }
        },
        "WM": {
            "AP": [],
            "P": {
                "ced5282d5b71cfe81d6f68e5bb3aa7455": ""
            },
            "S": {}
        }
    },
    "Images": {},
    "Img": {},
    "Members": 10,
    "MessageCount": true,
    "ROM": {
        "c22dd28eddafbde5a05642123c476ce29": {
            "u08e9cd731858f70f3c2d918cf16484bd": {
                "msg.id": [
                    "8015113956618"
                ],
                "waktu": [
                    1527246668591
                ]
            },
            "u36ba11c755c33c7ae53406b655f8d354": {
                "msg.id": [
                    "8014971120513"
                ],
                "waktu": [
                    1527244939575
                ]
            },
            "u568d64c233c6c20b5024fc2e8c2114d8": {
                "msg.id": [
                    "8015117708296"
                ],
                "waktu": [
                    1527246713254
                ]
            },
            "u60b72526c2b939a3c9b71d25a9a1a183": {
                "msg.id": [
                    "8015134615220"
                ],
                "waktu": [
                    1527246913456
                ]
            },
            "u65872d7ae8a556f3fdd3595f8c83e82a": {
                "msg.id": [
                    "8014970879830",
                    "8014970879831",
                    "8015406351923",
                    "8015409587399"
                ],
                "waktu": [
                    1527244936725,
                    1527244936762,
                    1527250035141,
                    1527250071688
                ]
            },
            "u998a2d577716aa4f9f8ac1dbb2d929bf": {
                "msg.id": [
                    "8018453479410"
                ],
                "waktu": [
                    1527308297829
                ]
            },
            "ue8f1af91716c53e8f4ecc2271018a654": {
                "msg.id": [
                    "8015354086236"
                ],
                "waktu": [
                    1527249449570
                ]
            }
        },
        "c7766547d2ecf886cf00abed165ad8efd": {
            "u0d53f8677df6f38f540ef6d78bbc9cc0": {
                "msg.id": [
                    "8018522401778"
                ],
                "waktu": [
                    1527309377460
                ]
            },
            "u24319bb995cb9ce6f65ac621cfe9da96": {
                "msg.id": [
                    "8015731032768",
                    "8015736391690",
                    "8015946115745"
                ],
                "waktu": [
                    1527253559236,
                    1527253616562,
                    1527255827124
                ]
            },
            "u6efcb6f3c1a55711069c8e38593dbc52": {
                "msg.id": [
                    "8015893988231",
                    "8018407436744",
                    "8018450416792",
                    "8018451180846",
                    "8018539578713"
                ],
                "waktu": [
                    1527255275004,
                    1527307581202,
                    1527308250025,
                    1527308261931,
                    1527309649521
                ]
            },
            "u96dd6766ed352e5c2645c29cc02b5cca": {
                "msg.id": [
                    "8015454518990",
                    "8018329600735",
                    "8018356857350",
                    "8018378664893",
                    "8018418842555",
                    "8018419100773",
                    "8018427441812",
                    "8018427948424",
                    "8018428982423",
                    "8018442934939",
                    "8018445535265",
                    "8018450114265",
                    "8018450750737",
                    "8018464009363",
                    "8018475532774",
                    "8018503517836",
                    "8018543292562",
                    "8018543866769",
                    "8018544553053"
                ],
                "waktu": [
                    1527250576558,
                    1527306382320,
                    1527306801819,
                    1527307136227,
                    1527307758880,
                    1527307762944,
                    1527307892476,
                    1527307900385,
                    1527307916452,
                    1527308133441,
                    1527308173807,
                    1527308245282,
                    1527308255243,
                    1527308462161,
                    1527308642075,
                    1527309080024,
                    1527309708509,
                    1527309717778,
                    1527309728575
                ]
            }
        },
        "c7e189ec40ec073cf9efa52c54f3187d1": {
            "u0e765602c9589e186f0ff5d28c44aa58": {
                "msg.id": [
                    "8015425934079",
                    "8015426896734",
                    "8015428710861",
                    "8015430130607",
                    "8015567664372"
                ],
                "waktu": [
                    1527250256587,
                    1527250267533,
                    1527250287957,
                    1527250303877,
                    1527251804595
                ]
            },
            "u563b6e87d2c11a2417900e5701f8c2fb": {
                "msg.id": [
                    "8015968673888"
                ],
                "waktu": [
                    1527256066319
                ]
            },
            "u954b1129c64467a049bcec43aa569de8": {
                "msg.id": [
                    "8015431374085",
                    "8015437367921",
                    "8016163275375",
                    "8017141934437"
                ],
                "waktu": [
                    1527250317785,
                    1527250384940,
                    1527258182215,
                    1527279962839
                ]
            }
        },
        "ced5282d5b71cfe81d6f68e5bb3aa7455": {
            "u0cb9b53e3e96bf9c3a8cd6c4b6e81450": {
                "msg.id": [
                    "8014057862706"
                ],
                "waktu": [
                    1527233013519
                ]
            },
            "u1dda062883391e9c87360ab96cd52285": {
                "msg.id": [
                    "8017349775590"
                ],
                "waktu": [
                    1527286861918
                ]
            },
            "u61aa26c453c9be565703f92f0ae82514": {
                "msg.id": [
                    "8013860454603",
                    "8013862704609",
                    "8015364171496"
                ],
                "waktu": [
                    1527229920662,
                    1527229956095,
                    1527249562535
                ]
            },
            "u8e039acfbb0166ac40cf9106ea5eac6c": {
                "msg.id": [
                    "8015798695236",
                    "8018336994456"
                ],
                "waktu": [
                    1527254278242,
                    1527306496304
                ]
            },
            "u911a53f18a83a7efed7f96474a0d1c75": {
                "msg.id": [
                    "8013862845806",
                    "8013989767236",
                    "8015000920672"
                ],
                "waktu": [
                    1527229958411,
                    1527231968631,
                    1527245302910
                ]
            },
            "uca72a90a07399774b3592ea8630cfa95": {
                "msg.id": [
                    "8018018113413",
                    "8018163378073",
                    "8018167124488",
                    "8018419369304"
                ],
                "waktu": [
                    1527301326598,
                    1527303781367,
                    1527303841084,
                    1527307767056
                ]
            },
            "uf988b592090122fd0000bd5518fde999": {
                "msg.id": [
                    "8016144018962"
                ],
                "waktu": [
                    1527257968033
                ]
            }
        },
        "cf3e4a22807326a9d7b0711d0076b7b28": {
            "u08261aee671ed58a64b41df62580282f": {
                "msg.id": [
                    "8018215032811"
                ],
                "waktu": [
                    1527304600925
                ]
            },
            "u303df893be77959553d5d6107352fc1c": {
                "msg.id": [
                    "8018605237565",
                    "8018625315898"
                ],
                "waktu": [
                    1527310696714,
                    1527311019471
                ]
            },
            "u34704ffe9edec1aefbcf8c0ed9beebf2": {
                "msg.id": [
                    "8016409346236"
                ],
                "waktu": [
                    1527261141417
                ]
            },
            "u39c95250b812cd628efef74935b1ab80": {
                "msg.id": [
                    "8015855871749"
                ],
                "waktu": [
                    1527254875802
                ]
            },
            "ubd2a0ced34a55c54c4f8c3f9018822dc": {
                "msg.id": [
                    "8015182964025",
                    "8018567048170"
                ],
                "waktu": [
                    1527247480305,
                    1527310086934
                ]
            }
        },
        "u65872d7ae8a556f3fdd3595f8c83e82a": {
            "u65872d7ae8a556f3fdd3595f8c83e82a": {
                "msg.id": [
                    "8015352186800",
                    "8015352813477",
                    "8015356027304",
                    "8015358666392",
                    "8015358666393",
                    "8015358666394",
                    "8015358666395",
                    "8015358666396",
                    "8015358666397",
                    "8015358666398",
                    "8015358666399",
                    "8015358666400",
                    "8015358666401",
                    "8015358690751"
                ],
                "waktu": [
                    1527249428220,
                    1527249435332,
                    1527249471358,
                    1527249500811,
                    1527249500858,
                    1527249500878,
                    1527249500885,
                    1527249500903,
                    1527249500910,
                    1527249500936,
                    1527249500955,
                    1527249500976,
                    1527249500994,
                    1527249501076
                ]
            }
        }
    },
    "ROM1": {
        "ced5282d5b71cfe81d6f68e5bb3aa7455": {
            "u0cb9b53e3e96bf9c3a8cd6c4b6e81450": "u0cb9b53e3e96bf9c3a8cd6c4b6e81450",
            "u1abaf60a33748568578bcfc59a40e8a0": "u1abaf60a33748568578bcfc59a40e8a0",
            "u4da51453a8473d250a7ac537a16ef9eb": "u4da51453a8473d250a7ac537a16ef9eb",
            "u5812e04ea0a549d57fbb42c9a71e0b8b": "u5812e04ea0a549d57fbb42c9a71e0b8b",
            "u61aa26c453c9be565703f92f0ae82514": "u61aa26c453c9be565703f92f0ae82514",
            "u911a53f18a83a7efed7f96474a0d1c75": "u911a53f18a83a7efed7f96474a0d1c75",
            "ua1cacbd545d4ee19e7d1976f6ea797b2": "ua1cacbd545d4ee19e7d1976f6ea797b2",
            "ua5d0430099aca0f80a508c10abfa4ae6": "ua5d0430099aca0f80a508c10abfa4ae6",
            "ub0a437d8c41b2949e1de3f884ac32e02": "ub0a437d8c41b2949e1de3f884ac32e02",
            "uca72a90a07399774b3592ea8630cfa95": "uca72a90a07399774b3592ea8630cfa95",
            "ud04081db2331758280d57e0169ae0700": "ud04081db2331758280d57e0169ae0700",
            "udf1cc52d2369364e4a32086c0976c9b4": "udf1cc52d2369364e4a32086c0976c9b4"
        }
    },
    "Sticker": {
        ":v": {
            "STKID": "32808587",
            "STKPKGID": "3128472",
            "STKTXT": "[Sticker]",
            "STKVER": "1"
        },
        "hmm": {
            "STKID": "291528",
            "STKPKGID": "1005662",
            "STKTXT": "[Sticker]",
            "STKVER": "1"
        }
    },
    "Unsend": {
        "c00d8a0694cdae70af888b4a36a95892d": {
            "B": [
                "7991623692072",
                "7991623741120",
                "7991624250761",
                "7991624386829",
                "8013549959043",
                "8013549970112"
            ]
        },
        "c01f5864eaaf6a466b71ef334c64a3279": {
            "B": []
        },
        "c22dd28eddafbde5a05642123c476ce29": {
            "B": [
                "7989854709109",
                "7989854908703",
                "7992542323967",
                "8004426014025",
                "8004426126180",
                "8004428571161",
                "8004595932704",
                "8004721354196",
                "8004744426166",
                "8004779789710",
                "8004864638108",
                "8004893606798",
                "8004893840193",
                "8005208814342",
                "8005215996236",
                "8005219335308",
                "8009653225359",
                "8014970828401",
                "8014970891131",
                "8014977263207",
                "8015118315340",
                "8015132403950",
                "8015135069351",
                "8015136067602",
                "8015138103493",
                "8015349376521",
                "8015352178436",
                "8015352807869",
                "8015353839590",
                "8015354670945",
                "8015354930284",
                "8015356026571",
                "8015356161513",
                "8015356336612",
                "8015358657551",
                "8015358655847",
                "8015358663547",
                "8015358654803",
                "8015358662580",
                "8015358664797",
                "8015358662629",
                "8015358654457",
                "8015358668035",
                "8015358654170",
                "8015358654806",
                "8015385956887",
                "8015406098740",
                "8015409297232",
                "8015448634172",
                "8015458976390",
                "8015458976390",
                "8015472491718",
                "8016819275529",
                "8017645806995",
                "8018394156417",
                "8018430086731"
            ]
        },
        "c298fd9fc2568d79be1a6a44949e6af4b": {
            "B": [],
            "F": false
        },
        "c2ce587023254eaf7c4eba2465ebc4449": {
            "B": [
                "7992649887811",
                "7998893001016",
                "7999871214866",
                "7999873528431",
                "7999876102539",
                "8000097707150",
                "8000546905811",
                "8000603608464",
                "8000605205696",
                "8000720079524",
                "8000720606562",
                "8001504787112",
                "8001910518962",
                "8001917373301",
                "8001917607247",
                "8001923550933",
                "8001923679022",
                "8003196828260",
                "8003418483086",
                "8003421530174",
                "8003421775185",
                "8003430717682",
                "8003430993883",
                "8004183556512",
                "8004275545154",
                "8004275834748",
                "8004380425070",
                "8004380773866",
                "8004381837167",
                "8004411111313",
                "8004411767713",
                "8004419787246",
                "8004420141307",
                "8004420421655",
                "8004420609399",
                "8004422827799",
                "8004427782252",
                "8006203507996",
                "8006203656325",
                "8009363049104",
                "8009660221115",
                "8009660415692",
                "8011453890918",
                "8014374657305",
                "8015714642911",
                "8015715187552"
            ]
        },
        "c2f9b38561988548688d10bbf2ba02b01": {
            "B": [],
            "F": false
        },
        "c2ff6f5bac8f85fa6fa7f4dfdea635eb7": {
            "B": [],
            "F": false
        },
        "c554e28b30fc7c0e603814d6c88fbdeb2": {
            "B": [
                "7998916781221",
                "7998917240532",
                "7998917417176",
                "7998948889359",
                "7998952337195",
                "7998962239841",
                "7998962509130",
                "7998996403182",
                "7998996643509",
                "7998999220152",
                "7998999456521",
                "7998999885421",
                "7999001362600",
                "7999001574580",
                "7999364464987",
                "7999753359401",
                "7999753800201",
                "7999754518571",
                "7999755694628",
                "7999760901713",
                "8004415985689",
                "8004415988190",
                "8004416906724",
                "8004416915176",
                "8004626017600",
                "8004878169545",
                "8005698986885",
                "8005698993712",
                "8005699907182",
                "8005699908698",
                "8005932814099",
                "8005932914077",
                "8005986839092",
                "8005986963921",
                "8005987609858",
                "8006054488308",
                "8006054638319",
                "8006054917258",
                "8006069176866",
                "8006069816355",
                "8006070117210",
                "8006073128762",
                "8006073337952",
                "8006074578143",
                "8006074810344",
                "8006106914297",
                "8006114799913",
                "8006116510362",
                "8006117643469",
                "8006119493482",
                "8006119819560",
                "8006122834117",
                "8006123660505",
                "8006123823183",
                "8006125090778",
                "8006126124025",
                "8006131371650",
                "8006133106425",
                "8006134002972",
                "8006134133903",
                "8006227247723",
                "8006230848512",
                "8006230895116",
                "8006757523820",
                "8018367023288",
                "8018367023010",
                "8018448019101"
            ]
        },
        "c5eb4f975b5965afecd396de622b51100": {
            "B": [],
            "F": false
        },
        "c68d55b9c9e455980246a9fc7e122dbf4": {
            "B": [
                "8000583340673"
            ]
        },
        "c7766547d2ecf886cf00abed165ad8efd": {
            "B": [
                "7991548591805",
                "7991548701751",
                "7991556895858",
                "7991620094948",
                "7991620714656",
                "7991625609114",
                "7991625993295",
                "7992514963924",
                "7992514963924",
                "7992515079056",
                "7992515806982",
                "7992526854824",
                "7992527329600",
                "7992527981596",
                "7992528598799",
                "7992530910257",
                "7992531021302",
                "7992531812061",
                "7992532709212",
                "7992533791058",
                "7992537692486",
                "7992538553656",
                "7992539230099",
                "7992540382322",
                "7992540533288",
                "7992597827356",
                "7992600883391",
                "7992601106896",
                "7992607072861",
                "7992607281529",
                "7992607637504",
                "7992608615143",
                "7992608785281",
                "7992610224040",
                "7992610224040",
                "7992610443618",
                "7992616014774",
                "7992616133749",
                "7992618977097",
                "7992623008765",
                "7992623115887",
                "7992623192388",
                "7992625210115",
                "7992627043213",
                "7992627875130",
                "7992628030404",
                "7992629687832",
                "7992634476666",
                "7992640250619",
                "7992640866190",
                "7992660780403",
                "7992661214794",
                "7992661810431",
                "7998812104273",
                "7998812104273",
                "7998851220926",
                "7998949970514",
                "7998995772046",
                "7999075480915",
                "8004642888492",
                "8004643311698",
                "8004647521648",
                "8004647527990",
                "8004648306705",
                "8004648306705",
                "8004648691918",
                "8004648691918",
                "8004648789785",
                "8004649143195",
                "8004660311287",
                "8004660704491",
                "8004660721714",
                "8004661750860",
                "8004661750860",
                "8004662165354",
                "8004662165354",
                "8004663807186",
                "8004663810263",
                "8004664266508",
                "8004664266508",
                "8004664617332",
                "8004664617332",
                "8004664901462",
                "8004665407240",
                "8004665410654",
                "8004665910918",
                "8004665910918",
                "8004666264988",
                "8004666264988",
                "8004666979629",
                "8004668835024",
                "8004668832074",
                "8004669591225",
                "8004669591225",
                "8004669901746",
                "8004669901746",
                "8004670930981",
                "8004672068899",
                "8004672081523",
                "8004672621940",
                "8004672621940",
                "8004672913811",
                "8004672913811",
                "8004673291395",
                "8004674666055",
                "8004674880828",
                "8004674966239",
                "8004675096852",
                "8004675512304",
                "8004712150090",
                "8004712875629",
                "8004713374119",
                "8004713908131",
                "8004714516379",
                "8004714520562",
                "8004714944103",
                "8004714944103",
                "8004715355809",
                "8004715355809",
                "8004715807110",
                "8004717510862",
                "8004717513166",
                "8004719335444",
                "8004719335444",
                "8004719650896",
                "8004719650896",
                "8004720036577",
                "8004723446578",
                "8004723448954",
                "8004724968990",
                "8004725200715",
                "8004725823055",
                "8004726547873",
                "8004726547873",
                "8004726991827",
                "8004727256381",
                "8004727378015",
                "8004727826873",
                "8004735923542",
                "8004735923542",
                "8004739278486",
                "8004739278486",
                "8004746492459",
                "8004746814242",
                "8004747474959",
                "8004753934019",
                "8004754526594",
                "8004755176498",
                "8004755590560",
                "8004757020705",
                "8004758831958",
                "8004760953463",
                "8004762482416",
                "8004762708717",
                "8004763478491",
                "8004763778024",
                "8004764602512",
                "8004766818669",
                "8004768319161",
                "8004768319161",
                "8004768823722",
                "8004770578675",
                "8004770578675",
                "8004773353416",
                "8004774272814",
                "8004776649389",
                "8004776791605",
                "8004777393851",
                "8004777699377",
                "8004778931336",
                "8004873320398",
                "8004873320398",
                "8004874195358",
                "8004874201724",
                "8004874723318",
                "8004874723318",
                "8004874840358",
                "8004928519086",
                "8004928545294",
                "8004930634138",
                "8004931092396",
                "8004931342463",
                "8004931342463",
                "8004932502034",
                "8004934047264",
                "8004934783506",
                "8004938775651",
                "8004939155753",
                "8004939398751",
                "8004939398751",
                "8004940540310",
                "8004940718948",
                "8005004122614",
                "8005018101224",
                "8005018237969",
                "8005018376188",
                "8005023883831",
                "8005024044362",
                "8005206396114",
                "8005206700466",
                "8005475975881",
                "8005475975881",
                "8005476230546",
                "8005481338881",
                "8005481462296",
                "8006100650538",
                "8006101028221",
                "8006101200263",
                "8006101762553",
                "8006101877210",
                "8006102622671",
                "8006103721839",
                "8006104693081",
                "8006144309021",
                "8006144583935",
                "8006144583935",
                "8006145108925",
                "8006150973672",
                "8006150973672",
                "8006151132227",
                "8006154519650",
                "8006160525259",
                "8006160525259",
                "8006160567407",
                "8006160567407",
                "8006161445188",
                "8006162209674",
                "8006162290197",
                "8006165038072",
                "8006165381747",
                "8006167774628",
                "8006168461545",
                "8006177275290",
                "8006178225981",
                "8006186689641",
                "8006188838715",
                "8006190972720",
                "8006193870934",
                "8006194001955",
                "8006194145653",
                "8006194145653",
                "8006194428528",
                "8006208131095",
                "8006208208792",
                "8006209268392",
                "8006209268392",
                "8006209465847",
                "8006209465847",
                "8006212203374",
                "8006212209016",
                "8006212209016",
                "8006220434565",
                "8006221119494",
                "8006221951274",
                "8006222110597",
                "8006222632850",
                "8006223340816",
                "8006223669062",
                "8006224710606",
                "8006224869302",
                "8006225091326",
                "8006225274639",
                "8006225705436",
                "8006225705436",
                "8006225772617",
                "8006226108086",
                "8006233182613",
                "8006233182613",
                "8006234577567",
                "8006234746794",
                "8006277915050",
                "8006278948593",
                "8006278948593",
                "8006283876939",
                "8006316616885",
                "8006319810280",
                "8006375606310",
                "8006744939517",
                "8006744939517",
                "8006757882177",
                "8006767760431",
                "8007634763958",
                "8007635095774",
                "8007635161005",
                "8008356456159",
                "8008359439626",
                "8008368027337",
                "8008368027337",
                "8008369890959",
                "8008370267279",
                "8008370460557",
                "8008370867375",
                "8008401967951",
                "8008401967951",
                "8008402092162",
                "8013726504441",
                "8013726764249",
                "8013727382837",
                "8013735178213",
                "8014372145850",
                "8014378619098",
                "8014379592166",
                "8014392388828",
                "8014393421347",
                "8014394548394",
                "8014394704606",
                "8014502787028",
                "8014506628581",
                "8014506617633",
                "8014506617633",
                "8014506651701",
                "8014512948372",
                "8014512952557",
                "8014512952557",
                "8014512971968",
                "8014716324695",
                "8014727556882",
                "8014727725565",
                "8014727725565",
                "8014727761868",
                "8014728274638",
                "8015142724978",
                "8015142968362",
                "8015181031220",
                "8015344633191",
                "8015344751891",
                "8015344855468",
                "8015368409506",
                "8015368863389",
                "8015369109199",
                "8015370119844",
                "8015371713537",
                "8015372004726",
                "8015373077911",
                "8015376812439",
                "8015377189769",
                "8015381126400",
                "8015381313674",
                "8015405118892",
                "8015410983875",
                "8015412846017",
                "8015412846017",
                "8015414907599",
                "8015414907599",
                "8015418319283",
                "8015419379227",
                "8015419697446",
                "8015420002856",
                "8015420542594",
                "8015420833313",
                "8015421189025",
                "8015422079065",
                "8015422542272",
                "8015426022614",
                "8015426022614",
                "8015453383813",
                "8015453383813",
                "8015455004070",
                "8015455308839",
                "8015460260741",
                "8015460260741",
                "8015460635630",
                "8015462201788",
                "8015462201788",
                "8015465332039",
                "8015465332039",
                "8015466454895",
                "8015466767384",
                "8015468498572",
                "8015468498572",
                "8015469684251",
                "8015711152429",
                "8015711152429",
                "8015711542033",
                "8015711793461",
                "8015711793461",
                "8015712013727",
                "8015724746722",
                "8015724746722",
                "8015725037000",
                "8015725178415",
                "8015729110949",
                "8015729306878",
                "8015734367179",
                "8015735066739",
                "8015738723737",
                "8015738723737",
                "8015740539656",
                "8015742266180",
                "8015743105403",
                "8015744630656",
                "8015745239263",
                "8015748041719",
                "8015748152555",
                "8015748392307",
                "8015748554451",
                "8015748985330",
                "8015749116429",
                "8015749235164",
                "8015767925366",
                "8015804782608",
                "8015881214355",
                "8015881214355",
                "8015892541730",
                "8015893181741",
                "8015893742179",
                "8015895468213",
                "8015895991272",
                "8015896888594",
                "8015900014229",
                "8015900390324",
                "8015900496783",
                "8015900944235",
                "8015901156679",
                "8015904054754",
                "8015917773424",
                "8015930120884",
                "8015931735790",
                "8015940279748",
                "8015956900784",
                "8015957457900",
                "8015973427811",
                "8015973790233",
                "8015976280359",
                "8015976677267",
                "8015977164414",
                "8015979597262",
                "8015985348164",
                "8015986244794",
                "8015986345951",
                "8015994544327",
                "8015994936060",
                "8015995540955",
                "8016007297940",
                "8016008129971",
                "8016008956203",
                "8016009766144",
                "8016021457065",
                "8016031281002",
                "8016789759540",
                "8016792595868",
                "8016792595868",
                "8016810124137",
                "8016810124137",
                "8016811974248",
                "8016811974248",
                "8016815913656",
                "8016815913656",
                "8016816410949",
                "8016816410949",
                "8016834862246",
                "8016835255032",
                "8016835425710",
                "8016836198498",
                "8016843910140",
                "8017647453701",
                "8017647453701",
                "8017647519825",
                "8017647519825",
                "8017647574992",
                "8017647574992",
                "8017647636287",
                "8017647636287",
                "8017647712040",
                "8017647712040",
                "8017647771521",
                "8017647771521",
                "8017648143237",
                "8017648143237",
                "8017667327383",
                "8017668136582",
                "8017668585112",
                "8018183713374",
                "8018183713374",
                "8018185237046",
                "8018195193775",
                "8018196758766",
                "8018196991897",
                "8018296673392",
                "8018298775767",
                "8018300861866",
                "8018308208796",
                "8018308208796",
                "8018309112859",
                "8018309112859",
                "8018319766190",
                "8018320410369",
                "8018320410369",
                "8018321835459",
                "8018321937225",
                "8018322360610",
                "8018322490336",
                "8018326154473",
                "8018327961375",
                "8018328269218",
                "8018328340101",
                "8018329730597",
                "8018330029476",
                "8018330805843",
                "8018331106328",
                "8018332240523",
                "8018332973882",
                "8018333458779",
                "8018334073369",
                "8018334064577",
                "8018334483628",
                "8018335910212",
                "8018336015822",
                "8018336073198",
                "8018339367860",
                "8018346151806",
                "8018346151806",
                "8018346604722",
                "8018347511172",
                "8018349409828",
                "8018349926386",
                "8018350410239",
                "8018353026894",
                "8018355054997",
                "8018355600044",
                "8018355600044",
                "8018355830745",
                "8018356302394",
                "8018357781959",
                "8018358047981",
                "8018358527422",
                "8018358600271",
                "8018360210514",
                "8018360210514",
                "8018360649676",
                "8018361323836",
                "8018361811146",
                "8018362288306",
                "8018362835813",
                "8018363016015",
                "8018363776935",
                "8018363865912",
                "8018364228436",
                "8018370007158",
                "8018375516889",
                "8018375700217",
                "8018376814645",
                "8018377346436",
                "8018377998550",
                "8018378640362",
                "8018378962886",
                "8018379325482",
                "8018380268520",
                "8018380547368",
                "8018381152480",
                "8018381530807",
                "8018381776582",
                "8018382143166",
                "8018383331965",
                "8018383739134",
                "8018384537141",
                "8018384754542",
                "8018385091910",
                "8018385400472",
                "8018385818360",
                "8018386615191",
                "8018387489753",
                "8018387860466",
                "8018387999488",
                "8018388087922",
                "8018388743282",
                "8018388946195",
                "8018389095042",
                "8018389438067",
                "8018389588473",
                "8018390271151",
                "8018391063850",
                "8018391632967",
                "8018392632094",
                "8018395674714",
                "8018395806452",
                "8018396348788",
                "8018396828578",
                "8018398308261",
                "8018398741773",
                "8018399005047",
                "8018399527353",
                "8018399946085",
                "8018400899084",
                "8018401229887",
                "8018401843124",
                "8018402257170",
                "8018402722059",
                "8018403104424",
                "8018403332680",
                "8018403930885",
                "8018404740449",
                "8018404916211",
                "8018405031760",
                "8018405597238",
                "8018405839115",
                "8018406227214",
                "8018406721323",
                "8018406955253",
                "8018407390986",
                "8018408285696",
                "8018409173886",
                "8018411613394",
                "8018412440431",
                "8018413376267",
                "8018415651350",
                "8018416452198",
                "8018416663898",
                "8018417468206",
                "8018421688009",
                "8018422074740",
                "8018422074740",
                "8018422754090",
                "8018425399961",
                "8018426026718",
                "8018427460445",
                "8018427852587",
                "8018428148366",
                "8018428404690",
                "8018428921710",
                "8018429200926",
                "8018430533155",
                "8018436465554",
                "8018436465554",
                "8018439998233",
                "8018439998233",
                "8018440502555",
                "8018441112455",
                "8018442139894",
                "8018444943815",
                "8018445111730",
                "8018448918184",
                "8018448913119",
                "8018449271808",
                "8018449960791",
                "8018450129910",
                "8018450129910",
                "8018450195814",
                "8018450249745",
                "8018450772291",
                "8018451296148",
                "8018451423989",
                "8018451423989",
                "8018451444070",
                "8018451900637",
                "8018452264184",
                "8018452405030",
                "8018452405030",
                "8018452430820",
                "8018452754441",
                "8018452948429",
                "8018452954065",
                "8018453347067",
                "8018453347067",
                "8018453417745",
                "8018454554619",
                "8018455324362",
                "8018455583217",
                "8018455806527",
                "8018456110053",
                "8018456443088",
                "8018457171622",
                "8018457985177",
                "8018458692572",
                "8018462417946",
                "8018462548299",
                "8018462981009",
                "8018469468480",
                "8018469481817",
                "8018473593861",
                "8018473776966",
                "8018474414310",
                "8018474670692",
                "8018475290326",
                "8018475695187",
                "8018476145630",
                "8018476597897",
                "8018476792665",
                "8018476976990",
                "8018477234928",
                "8018477437732",
                "8018477576572",
                "8018477887656",
                "8018478729456",
                "8018479516752",
                "8018480348522",
                "8018480748420",
                "8018481142086",
                "8018481367734",
                "8018482756035",
                "8018483123439",
                "8018483209244",
                "8018484301268",
                "8018484551892",
                "8018487023601",
                "8018488720669",
                "8018489043956",
                "8018489184038",
                "8018490705981",
                "8018491613440",
                "8018491822299",
                "8018493671054",
                "8018494473642",
                "8018495533237",
                "8018495699742",
                "8018495788315",
                "8018499364616",
                "8018499616330",
                "8018500755536",
                "8018501196220",
                "8018501895643",
                "8018502323286",
                "8018502629847",
                "8018503212948",
                "8018503350668",
                "8018504123479",
                "8018504393810",
                "8018504745186",
                "8018504876643",
                "8018505128811",
                "8018505335580",
                "8018505995994",
                "8018506505112",
                "8018506937077",
                "8018515334105",
                "8018515407039",
                "8018518704315",
                "8018520537991",
                "8018521175944",
                "8018521274034",
                "8018522369415",
                "8018522634401",
                "8018522755434",
                "8018523277346",
                "8018523917559",
                "8018524855094",
                "8018525195150",
                "8018537873913",
                "8018537873913",
                "8018538308901",
                "8018538470985",
                "8018619386487",
                "8018619563419"
            ]
        },
        "c7e189ec40ec073cf9efa52c54f3187d1": {
            "B": [
                "7989889062485",
                "7989889148174",
                "7989889262515",
                "7989891720581",
                "7989899729862",
                "7989900296441",
                "7989900320597",
                "7989900320597",
                "7989900848048",
                "7989902129369",
                "7989908169032",
                "7989908324569",
                "7989908693872",
                "7989909409162",
                "7989910706808",
                "7990334221794",
                "8000111493612",
                "8000111493612",
                "8000430644196",
                "8000680345800",
                "8000680375751",
                "8000785793966",
                "8000785793966",
                "8003056890557",
                "8003158585935",
                "8003158746533",
                "8003397075054",
                "8003397260663",
                "8003397368479",
                "8003397420549",
                "8004552856748",
                "8004860400296",
                "8005770893006",
                "8006047067608",
                "8006047241727",
                "8006047255362",
                "8006047255362",
                "8006047581577",
                "8006047813511",
                "8006053292523",
                "8006096036387",
                "8006747643157",
                "8006748134204",
                "8006748243728",
                "8007641596977",
                "8007642794972",
                "8007643189038",
                "8008290822521",
                "8008291195546",
                "8008291312388",
                "8008291897121",
                "8015424265668",
                "8015425981113",
                "8015425981113",
                "8015427070926",
                "8015427355946",
                "8015428683814",
                "8015431012552",
                "8015431284210",
                "8015432640523",
                "8015432640523",
                "8015433099297",
                "8015434314223",
                "8015435126060",
                "8015435389693",
                "8015440670247",
                "8015441391556",
                "8015441901107",
                "8015442901417",
                "8015443251859",
                "8015450119547",
                "8015450535874",
                "8015696348312",
                "8015696348312",
                "8015696522481",
                "8015696522481",
                "8015696803663",
                "8015749682128",
                "8015767266263",
                "8015772409362",
                "8015964959093",
                "8015965456762",
                "8015966641247",
                "8015967754577",
                "8015968238851",
                "8015970645130",
                "8015970918699",
                "8015971278812",
                "8015988415284",
                "8016286764747",
                "8016783625468",
                "8016783762794",
                "8017636792472",
                "8018210504957",
                "8018210694923",
                "8018210991665"
            ]
        },
        "c92a2970dd80af63190a79003d14b4e7c": {
            "B": [],
            "F": false
        },
        "cb2d4d5a23151b3d2b5a0d2393a59deb2": {
            "B": [],
            "F": false
        },
        "cb82c143a2b3868922316eb8bb5b71e88": {
            "B": []
        },
        "cc43eebbfc93781e1fea76f50709d5447": {
            "B": [],
            "F": false
        },
        "cc7797bdb00a82ed8a1516e312af80759": {
            "B": []
        },
        "cdd1a1d5560b744311b7b0e934dd304d3": {
            "B": [
                "7998973127385",
                "7998977433789",
                "7998990591768",
                "7998991699718",
                "7998992481199",
                "7998997975062",
                "8004703015641",
                "8004703645184",
                "8004706340467",
                "8004751154947",
                "8004884598378",
                "8006928756933",
                "8006930069974",
                "8008100377149",
                "8008102430181"
            ]
        },
        "ce07d9245530eb1f56fd8d41ed0feab6d": {
            "B": [],
            "F": false
        },
        "ce0d9eeb243ccc517d198e3bc5c026d0d": {
            "B": [],
            "F": false
        },
        "cebb49611f104d773af2c58603135ee42": {
            "B": [
                "7989911721126",
                "8005698425727",
                "8007247718091",
                "8007247802823",
                "8008296519617"
            ]
        },
        "ced5282d5b71cfe81d6f68e5bb3aa7455": {
            "B": [
                "7990070116629",
                "7990071663068",
                "7990074090705",
                "7990504282040",
                "7991535233323",
                "7991535614082",
                "7991590611089",
                "7991732698462",
                "7991744055451",
                "7998798414117",
                "7998798414793",
                "7998798413595",
                "7998798633945",
                "7998799099675",
                "7998799115902",
                "7998799705643",
                "7998799834646",
                "7998799836803",
                "7998801403293",
                "7998801720256",
                "7998801850589",
                "7998802910026",
                "7998803858260",
                "7998804607112",
                "7998804613830",
                "7998818351603",
                "7998818482898",
                "7998819291251",
                "7998819416011",
                "7999059103372",
                "7999059303987",
                "7999059716961",
                "7999059728318",
                "7999062169331",
                "7999484201684",
                "7999484238074",
                "7999497813635",
                "7999497805625",
                "7999497807918",
                "7999505312447",
                "7999506423005",
                "7999506820650",
                "7999507881146",
                "7999508788459",
                "7999508793665",
                "7999513975734",
                "7999514892244",
                "7999516854668",
                "7999517260070",
                "7999518735660",
                "7999518817091",
                "7999520761317",
                "7999520974289",
                "7999522829357",
                "7999523850963",
                "7999533928032",
                "7999533930468",
                "7999533926726",
                "7999534323748",
                "8000196531551",
                "8005689209554",
                "8005689506722",
                "8005708038258",
                "8005935598631",
                "8005935972324",
                "8005936291331",
                "8005936670255",
                "8005936291331",
                "8005993067274",
                "8005993104539",
                "8005993242739",
                "8005993440552",
                "8006000274782",
                "8006001813688",
                "8006002901934",
                "8006002984266",
                "8006004272613",
                "8006004707753",
                "8006005097837",
                "8006005315230",
                "8006006134141",
                "8006096663027",
                "8006096874105",
                "8006331896608",
                "8006332113903",
                "8006332289405",
                "8006332289405",
                "8007099216303",
                "8007139192007",
                "8007140686343",
                "8007201277477",
                "8007458563268",
                "8007469727307",
                "8007472186405",
                "8007498501075",
                "8007615120809",
                "8007615116830",
                "8007615740118",
                "8007615737491",
                "8007617871692",
                "8007618604246",
                "8007618837863",
                "8007619960533",
                "8007620823563",
                "8007620828266",
                "8007621122638",
                "8007621607125",
                "8007621807020",
                "8007622288784",
                "8007622486692",
                "8007622660907",
                "8007623213838",
                "8007623384761",
                "8007623831528",
                "8007624234087",
                "8007624241987",
                "8007624511727",
                "8007626510667",
                "8007626972346",
                "8007628234602",
                "8007628235329",
                "8007628607546",
                "8007628618267",
                "8007628969932",
                "8007629705206",
                "8007630264176",
                "8007630499495",
                "8007630753071",
                "8007631246036",
                "8007631523051",
                "8007633486481",
                "8007633827977",
                "8007634150806",
                "8007638214385",
                "8007639504345",
                "8007640111824",
                "8007640392864",
                "8007640545635",
                "8007640665282",
                "8007644460978",
                "8007644850876",
                "8007644859867",
                "8007645590564",
                "8007646352565",
                "8007647317172",
                "8007647554697",
                "8007649327095",
                "8007649660362",
                "8007649744667",
                "8007653780288",
                "8007653777159",
                "8007653777160",
                "8007655141040",
                "8007655316063",
                "8007655617793",
                "8007656058741",
                "8007656330542",
                "8007656519659",
                "8007657636262",
                "8007657786656",
                "8007657906828",
                "8007658534265",
                "8007658670131",
                "8007659041779",
                "8007659796606",
                "8007659875300",
                "8007661040182",
                "8007667500546",
                "8007668131616",
                "8008295016416",
                "8008350379078",
                "8008350379078",
                "8008352052436",
                "8008352052436",
                "8008352367647",
                "8008352375416",
                "8008352722170",
                "8008352722170",
                "8008352885261",
                "8008353184097",
                "8008353184097",
                "8008353188799",
                "8008353335862",
                "8008419024177",
                "8015822362007",
                "8015822758298",
                "8015833322899",
                "8015870994521",
                "8015881235232",
                "8015881235232",
                "8015908319643",
                "8015908705753",
                "8015909515069",
                "8015910305402",
                "8015910628103",
                "8016651272175",
                "8018153157386",
                "8018153164618",
                "8018153164620",
                "8018155389890",
                "8018155725371",
                "8018155729428",
                "8018155729429",
                "8018159260603",
                "8018161942005",
                "8018162067736",
                "8018163103434",
                "8018163238133",
                "8018164785605",
                "8018168489525",
                "8018174251706",
                "8018174339508",
                "8018174756986",
                "8018174852770",
                "8018175106002",
                "8018175333348",
                "8018176228743",
                "8018176384964",
                "8018176606606",
                "8018176754391",
                "8018178140672",
                "8018178259257",
                "8018178372358",
                "8018178518512",
                "8018180814871",
                "8018181110780",
                "8018181265552",
                "8018181968538",
                "8018185608089",
                "8018185777979",
                "8018185904141",
                "8018190749442",
                "8018227859735",
                "8018227859735",
                "8018228320314",
                "8018228532458",
                "8018228550353",
                "8018229072564",
                "8018336603841",
                "8018336906203",
                "8018336985298",
                "8018336981565",
                "8018336981350",
                "8018337300898",
                "8018337298599",
                "8018337657888",
                "8018337655766",
                "8018338176413",
                "8018414848973",
                "8018424830971",
                "8018463681528",
                "8018463859269",
                "8018463852396",
                "8018464277003",
                "8018464478844",
                "8018464760625",
                "8018465492211",
                "8018466923800",
                "8018466953777",
                "8018467240166",
                "8018467339134",
                "8018467672368",
                "8018467851594",
                "8018517814125"
            ],
            "F": false
        },
        "cf3e4a22807326a9d7b0711d0076b7b28": {
            "B": [
                "7989805386766",
                "7989805640790",
                "7989806284560",
                "7989806951352",
                "7989811472737",
                "7989811809794",
                "7989812612856",
                "7989812721986",
                "7989815816350",
                "7989831730771",
                "7989831982659",
                "7989833746402",
                "7991537372772",
                "7991537662884",
                "7991537889748",
                "7991538024719",
                "7991538481209",
                "7991541261545",
                "7991541764362",
                "7991542022062",
                "7991546684513",
                "7991547144958",
                "7991564967198",
                "7991570115941",
                "7991570213168",
                "7991570523053",
                "7991582692426",
                "7991583149841",
                "7991590185477",
                "7991902926657",
                "7991903082008",
                "7991903550716",
                "7991905221343",
                "7991905440120",
                "7991905752351",
                "7991907116646",
                "7992071599149",
                "7992072449625",
                "7992072744480",
                "7992073199885",
                "7992470460024",
                "7992470460024",
                "7992470614418",
                "7992470953528",
                "7992472061627",
                "7992511338521",
                "7992511456242",
                "7992524434516",
                "7992524981209",
                "7992525849234",
                "7992530106988",
                "7992534985344",
                "7992535546364",
                "7992535636800",
                "7992599676046",
                "7992634854440",
                "7992635082024",
                "7992635082024",
                "7992635275684",
                "7992635594781",
                "7992635854955",
                "7992636388154",
                "7993082236497",
                "7993083426904",
                "7993246881709",
                "7993247362960",
                "7993249968800",
                "7993250253232",
                "7993313255461",
                "7993313707903",
                "7998808367813",
                "7998809186839",
                "7998809984760",
                "7998811252245",
                "7998814495828",
                "7998815029324",
                "7998816733203",
                "7998816988317",
                "7998825225442",
                "7998827770254",
                "7998827967473",
                "7998836126384",
                "7998843969405",
                "7998844704242",
                "7998845404090",
                "7998845555193",
                "7998849833818",
                "7998850060070",
                "7998850743707",
                "7998875804713",
                "7998879239833",
                "7998879397200",
                "7998879939002",
                "7998880058391",
                "7998883313808",
                "7998883648539",
                "7998884006335",
                "7998884620960",
                "7998885430243",
                "7998887917078",
                "7998888217678",
                "7998888679110",
                "7998890217231",
                "7998890759853",
                "7998891249725",
                "7998896068362",
                "7998897100928",
                "7998897390409",
                "7998905115560",
                "7998905261844",
                "7998907408613",
                "7998908030724",
                "7998908133583",
                "7998910470771",
                "7998913888191",
                "7998914389927",
                "7998946205525",
                "7998946760698",
                "7999058150341",
                "7999079319020",
                "7999080006954",
                "7999080568007",
                "7999083885389",
                "7999085264387",
                "7999085365379",
                "7999331893122",
                "7999332115939",
                "7999338633955",
                "7999339130589",
                "7999386989396",
                "7999387326241",
                "7999388640825",
                "7999390783601",
                "7999390919621",
                "7999391364941",
                "7999393444946",
                "7999395344373",
                "7999404962429",
                "7999405543100",
                "7999406735828",
                "7999413056260",
                "7999437869912",
                "7999438160060",
                "7999444961402",
                "7999445454990",
                "7999449187833",
                "7999449927586",
                "7999450164528",
                "7999450697101",
                "7999450950493",
                "7999451672177",
                "7999455371536",
                "7999455880752",
                "7999458314638",
                "7999458896698",
                "7999459370078",
                "7999459550140",
                "7999460589285",
                "7999461103160",
                "7999463296060",
                "7999464408121",
                "7999464651725",
                "7999466042658",
                "7999467405441",
                "7999467405441",
                "7999472570627",
                "7999474113387",
                "7999512279552",
                "7999527376433",
                "7999538022893",
                "7999538114538",
                "7999645346222",
                "7999645553476",
                "7999646148826",
                "7999646355852",
                "7999728478808",
                "7999729638093",
                "7999738229915",
                "7999738517070",
                "7999809227313",
                "7999809440932",
                "7999861021842",
                "7999861208997",
                "7999882218899",
                "7999883577364",
                "7999883745766",
                "7999883929034",
                "8000034331058",
                "8000034629221",
                "8000034888757",
                "8000059514060",
                "8000059891300",
                "8000062176422",
                "8000072851326",
                "8000073599209",
                "8000078282770",
                "8000078282770",
                "8000102723642",
                "8000104464446",
                "8000118093714",
                "8000119243020",
                "8000120355341",
                "8000120848059",
                "8000140325798",
                "8000140820944",
                "8000142804286",
                "8000160983910",
                "8000161355265",
                "8000179263029",
                "8000431872900",
                "8000432407328",
                "8000432807188",
                "8000441578635",
                "8000442221334",
                "8000443706574",
                "8000443932795",
                "8000443932795",
                "8000448761606",
                "8000450448114",
                "8000450799257",
                "8000452645254",
                "8000452881861",
                "8000453113461",
                "8000453750954",
                "8000455211706",
                "8000455409198",
                "8000456768611",
                "8000457013665",
                "8000458535496",
                "8000458654427",
                "8000459831606",
                "8000460213967",
                "8000461235527",
                "8000461397689",
                "8000462422780",
                "8000464680418",
                "8000465278603",
                "8000465542217",
                "8000467080840",
                "8000467876928",
                "8000468076512",
                "8000470327805",
                "8000471147727",
                "8000478911992",
                "8000480027871",
                "8000480625385",
                "8000480850836",
                "8000482277399",
                "8000483283698",
                "8000484271476",
                "8000486404815",
                "8000628503936",
                "8000628761483",
                "8000631279793",
                "8000631898618",
                "8000632386515",
                "8000633143570",
                "8000636837265",
                "8000650374814",
                "8000674268484",
                "8000674268484",
                "8000674760323",
                "8000675801126",
                "8000676219392",
                "8000677626740",
                "8000717538385",
                "8000717656689",
                "8000728082084",
                "8000785776326",
                "8000785776326",
                "8001788952617",
                "8002232404542",
                "8002691348005",
                "8002691348005",
                "8003054947617",
                "8003472748409",
                "8004269513794",
                "8004274469605",
                "8004274649347",
                "8004277215260",
                "8004277310136",
                "8004277562845",
                "8004323865861",
                "8004324933958",
                "8004326808828",
                "8004328975358",
                "8004329558974",
                "8004332170214",
                "8004404899855",
                "8004405296195",
                "8004406706050",
                "8004407033530",
                "8004525093577",
                "8004537565620",
                "8004537565620",
                "8004537816862",
                "8004551657927",
                "8004574978785",
                "8004590762029",
                "8004592375710",
                "8004593209988",
                "8004708113886",
                "8004710296383",
                "8004710435938",
                "8004852544113",
                "8004858472423",
                "8004868672726",
                "8004944597611",
                "8004945430989",
                "8004945702938",
                "8004968696336",
                "8004968813945",
                "8004986427114",
                "8005009591311",
                "8005009873680",
                "8005012661754",
                "8005015865055",
                "8005016512007",
                "8005017648956",
                "8005017726425",
                "8005030910475",
                "8005031297584",
                "8005031593563",
                "8005031719017",
                "8005032195222",
                "8005033636124",
                "8005034155989",
                "8005034519390",
                "8005034949865",
                "8005202939333",
                "8005203573805",
                "8005203731776",
                "8005228373289",
                "8005229127383",
                "8005229644533",
                "8005232050850",
                "8005457454114",
                "8005457454114",
                "8005457926251",
                "8005458493790",
                "8005460128126",
                "8005460265793",
                "8005460528200",
                "8005461248650",
                "8005462639786",
                "8005464871315",
                "8005465175462",
                "8005467070023",
                "8005467425012",
                "8005471027960",
                "8005471961462",
                "8005473344902",
                "8005486436780",
                "8005486717950",
                "8005490779155",
                "8005491949361",
                "8005492371997",
                "8005492483590",
                "8005494438298",
                "8005494634785",
                "8005683627601",
                "8005697191959",
                "8005697755567",
                "8005789417749",
                "8005790503039",
                "8005790623178",
                "8005930492887",
                "8005930750540",
                "8005931697886",
                "8005933601314",
                "8005937759552",
                "8005943207600",
                "8005949577603",
                "8006018216209",
                "8006018397090",
                "8006023703779",
                "8006023949815",
                "8006024389346",
                "8006026058391",
                "8006026316069",
                "8006026483157",
                "8006028052924",
                "8006028531306",
                "8006028701356",
                "8006029602351",
                "8006030171578",
                "8006030269356",
                "8006030833908",
                "8006030909301",
                "8006031113198",
                "8006031763212",
                "8006032793621",
                "8006033218604",
                "8006033725752",
                "8006034453254",
                "8006035195896",
                "8006043739212",
                "8006044189587",
                "8006044189587",
                "8006044550310",
                "8006045578208",
                "8006046063706",
                "8006061584103",
                "8006063199340",
                "8006063477484",
                "8006065668325",
                "8006094672700",
                "8006094903942",
                "8006095400842",
                "8006108397338",
                "8006108773505",
                "8006108931280",
                "8006109966139",
                "8006110389509",
                "8006110636319",
                "8006112208079",
                "8006112345392",
                "8006112696186",
                "8006139006439",
                "8006139983840",
                "8006140505295",
                "8006194886123",
                "8006204441888",
                "8007247097101",
                "8007636822526",
                "8009398992337",
                "8009399187182",
                "8009404130133",
                "8009404282214",
                "8009404436751",
                "8009656687197",
                "8009657440612",
                "8009667058924",
                "8009667226196",
                "8009667629248",
                "8009668262190",
                "8009669279536",
                "8009987345259",
                "8009988766109",
                "8009989241221",
                "8010013225777",
                "8010014029938",
                "8010033865483",
                "8010034269095",
                "8010044967921",
                "8010045106756",
                "8010075635245",
                "8010075807561",
                "8010081398505",
                "8010148735613",
                "8010148898767",
                "8010204702528",
                "8010209292305",
                "8010212499789",
                "8010212736303",
                "8010213794882",
                "8010214310909",
                "8010214445444",
                "8010217921396",
                "8010220002766",
                "8010220185614",
                "8010221121312",
                "8010222202288",
                "8010222645064",
                "8010222868634",
                "8010224553183",
                "8010229434331",
                "8010230648223",
                "8010231067659",
                "8010233663522",
                "8010234917000",
                "8010244054295",
                "8010250112113",
                "8010250112113",
                "8010251026869",
                "8010252282358",
                "8010255512937",
                "8010255731910",
                "8010264946684",
                "8010274778394",
                "8010275390554",
                "8010276858233",
                "8010289366125",
                "8010289632589",
                "8010323818491",
                "8010329239252",
                "8010330017588",
                "8010335288258",
                "8010335521630",
                "8010336271779",
                "8010337605796",
                "8010337968564",
                "8010340498495",
                "8010340638178",
                "8010340763594",
                "8010341153162",
                "8010341676627",
                "8010343514860",
                "8010345649543",
                "8010345793693",
                "8010346468648",
                "8010350195974",
                "8010351433368",
                "8010351866218",
                "8010352626068",
                "8010354016909",
                "8010354596842",
                "8010357545539",
                "8010360652659",
                "8010361651285",
                "8010362435028",
                "8010362846322",
                "8010364704203",
                "8010365069627",
                "8010365847796",
                "8010390366688",
                "8010396604081",
                "8010397566735",
                "8010404912045",
                "8010405758994",
                "8010411940662",
                "8010412389520",
                "8010414410812",
                "8010415560052",
                "8010416668105",
                "8010419576562",
                "8010420838084",
                "8010421880998",
                "8010425585106",
                "8010428652800",
                "8010429867375",
                "8010431779898",
                "8010434492367",
                "8010437388418",
                "8010443982448",
                "8010444466447",
                "8010445805528",
                "8010446203180",
                "8010448715102",
                "8010449672223",
                "8010450293944",
                "8010450815486",
                "8010451231037",
                "8010452028929",
                "8010453544026",
                "8010453863910",
                "8010454030559",
                "8010457617274",
                "8010457813125",
                "8010459276874",
                "8010460154641",
                "8010460306012",
                "8010477755259",
                "8010480044731",
                "8011437438270",
                "8011437763622",
                "8015183906429",
                "8015184323296",
                "8015184911875",
                "8015185069179",
                "8015186296921",
                "8015186348795",
                "8015688835135",
                "8015688835135",
                "8015689522505",
                "8015689860125",
                "8015689860125",
                "8015700702521",
                "8015700702521",
                "8015700971697",
                "8015701144678",
                "8015703050723",
                "8015703821799",
                "8015706938570",
                "8015707379752",
                "8015708113058",
                "8015750716889",
                "8015750881629",
                "8015751483882",
                "8015751800836",
                "8015757707747",
                "8015763306091",
                "8015765132781",
                "8015773044297",
                "8015775760416",
                "8015776118553",
                "8015776118553",
                "8015776970894",
                "8015779324853",
                "8015779846277",
                "8015785565261",
                "8015849950581",
                "8015855349776",
                "8015856887123",
                "8015863773577",
                "8015863773577",
                "8015881165943",
                "8015881165943",
                "8017636253172",
                "8017636253172",
                "8018146506696",
                "8018147515975",
                "8018147724827",
                "8018148313458",
                "8018227184069",
                "8018227391120",
                "8018265019358",
                "8018508385724",
                "8018508671751",
                "8018508807786",
                "8018620088536",
                "8018620222968",
                "8018620290487",
                "8018620472018",
                "8018621441182",
                "8018623078770",
                "8018623329842",
                "8018624090691",
                "8018626194593",
                "8018626324017",
                "8018626811504",
                "8018631491800",
                "8018631554246"
            ]
        },
        "cfa6bcf55a1847f2ea3819067132c961b": {
            "B": [
                "7989919637241"
            ]
        },
        "cfced3308847eefb6d46f0408aa6c51d5": {
            "B": []
        },
        "u161b33e9c803474d51d4427bca3278f4": {
            "B": [
                "8017659584538",
                "8017659584538",
                "8017662369435",
                "8017663531122"
            ]
        },
        "u22d94aac4e1659eb6f375ffc7cb17a53": {
            "B": [
                "8002222781873",
                "8002222949981"
            ]
        },
        "u378015247d9843012c49f768a03839b4": {
            "B": [],
            "F": false
        },
        "u3a347c287efaa0b50e4111851abc2157": {
            "B": [
                "8005000217805",
                "8005007329798",
                "8006334660880",
                "8006334660880",
                "8006335481011",
                "8006335674904",
                "8006338922332",
                "8006338922332",
                "8006339105896",
                "8006339105896",
                "8009661095129",
                "8013506815962",
                "8015838053658"
            ]
        },
        "u5560d4242f1f308f5a83b87046083bd3": {
            "B": [],
            "F": false
        },
        "u72e0842afab6319d4eafeb4ecb383fc8": {
            "B": [
                "8007245589965",
                "8007245654869",
                "8007245693634",
                "8007245863510",
                "8007245904862",
                "8007245970414",
                "8007246028621",
                "8007246070756",
                "8007246116847",
                "8007246155136",
                "8007246182382",
                "8007246214430",
                "8007246275755",
                "8007246346261",
                "8007246390452",
                "8007246436441",
                "8007246492986",
                "8007246515462",
                "8007246532227",
                "8007246555282",
                "8015116098878",
                "8015116197510",
                "8015116304523",
                "8015116332670"
            ]
        },
        "u78bdd6b411013de81e5a7786f670bc02": {
            "B": [
                "7992074048307",
                "7992074152708",
                "7992601597055"
            ]
        },
        "u7fcedd37e467a710e0743ab3b187a032": {
            "B": [
                "8015990585958",
                "8015990651378",
                "8015990651378"
            ]
        },
        "u911a53f18a83a7efed7f96474a0d1c75": {
            "B": [
                "8007657258753",
                "8007657394383",
                "8007669885402",
                "8008296809570",
                "8008297009666",
                "8011384792132"
            ]
        },
        "u96dd6766ed352e5c2645c29cc02b5cca": {
            "B": [
                "8000635574955"
            ]
        },
        "u9be4fc3cb5e20054a760c4943ec68227": {
            "B": [
                "7998942064746",
                "7998942959864"
            ]
        },
        "u9fec89015e171bc9a8f82ce1ded83075": {
            "B": [
                "8002254170566",
                "8002254767693",
                "8002254838011",
                "8002254868398",
                "8002254921751",
                "8002254969611",
                "8002255291904"
            ]
        },
        "ua3715696ac98cd2b5a96b30fac369c99": {
            "B": [
                "8000121617367"
            ]
        },
        "ua5d0430099aca0f80a508c10abfa4ae6": {
            "B": [
                "8002266641538",
                "8002273577380",
                "8002276920121"
            ]
        },
        "uc01411be5c3c42dc218a435c9b87a7c8": {
            "B": [],
            "F": false
        },
        "udf020b4216856ed2250cf3288f12f126": {
            "B": [
                "7993024654174",
                "7993024708819",
                "7993024797145",
                "7993024848040",
                "7993024889038",
                "7993024912561",
                "7993026096028",
                "7998856204502",
                "7998856687563",
                "7998877796617",
                "7998877895123",
                "7998898978184"
            ]
        },
        "ue483bc77aae966ec443765ded8b305b8": {
            "B": [
                "7992074728753",
                "7992074973709",
                "7992143984583",
                "7992144310024",
                "7992273629438",
                "7992274081590",
                "7992274594964",
                "7992471423765",
                "7993023212969",
                "7993023524906",
                "7993026831516",
                "7993027232234",
                "7993081604991",
                "7993081732092",
                "7993314413453",
                "7999336632918",
                "7999337412807",
                "7999337686835",
                "7999341151345",
                "7999342310460",
                "7999343232421",
                "7999344277055",
                "7999344622007",
                "7999350165262",
                "7999360939009",
                "7999361398938",
                "7999362274903",
                "7999367392579",
                "7999368552150",
                "7999372245434",
                "7999372675280",
                "7999374302525",
                "7999374946097",
                "7999382376847",
                "7999383196348",
                "7999389400299",
                "7999392656551",
                "7999397964152",
                "7999398235718",
                "7999408987398",
                "7999409139027",
                "7999409678302",
                "7999418244529",
                "7999418586696",
                "7999425530074",
                "7999470209440",
                "7999470525998",
                "7999470987412",
                "8008298024211",
                "8008298350331",
                "8008298513150",
                "8010072704253",
                "8010073024143",
                "8010074190749",
                "8010151757394",
                "8010152054468",
                "8010153549541",
                "8010206108759",
                "8010207127821",
                "8010207646746",
                "8010208018980",
                "8011446450685",
                "8011446682006",
                "8011449238817",
                "8011549443533",
                "8011554944675",
                "8011558785684"
            ]
        },
        "uf19dd766cccf032eae3e60732e6e3e4e": {
            "B": []
        },
        "uf223aeb9be61a85f1fbbec895dead811": {
            "B": [],
            "F": false
        },
        "uff936eba738999d0c6e61e5c739e3847": {
            "B": [],
            "F": false
        }
    },
    "autoAdd": false,
    "autoCancel": [],
    "autoJoin": false,
    "autoaddpesan": "@!AN SB 2.7\nOpen Order Selfbot AN Selfbot\nFeature? Bisa PC line://ti/p/~meguminthemirror\nHarga 80k/bulan\nSpeed up 0.004-0.008\n\nSalam|From Aditya~Roger",
    "autochat": [],
    "autochats": [],
    "autoread1": false,
    "autoread2": false,
    "blacklist": [],
    "bots": [
        "u068c7c3583fbf86b0faf06af4b699c5f",
        "u3e2ff6b5ced9738c3b44e30267923adf",
        "u5812e04ea0a549d57fbb42c9a71e0b8b",
        "ua5d0430099aca0f80a508c10abfa4ae6",
        "ub0a437d8c41b2949e1de3f884ac32e02",
        "ub8409bfc8413b1e4e1b9c0667f445920",
        "uc01411be5c3c42dc218a435c9b87a7c8",
        "udf1cc52d2369364e4a32086c0976c9b4",
        "uf021e2fc9470a98523f3420e18e1578f",
        "uf19dd766cccf032eae3e60732e6e3e4e",
        "ud04081db2331758280d57e0169ae0700",
        "u24d2ce778ab32cf95090a15c3d9a5a0a",
        "u378015247d9843012c49f768a03839b4",
        "u5560d4242f1f308f5a83b87046083bd3",
        "ued47dbbe4b942392f8757ec21ef6aa87",
        "uefc5f1f98fa74feee85ad0e7d04855f4",
        "uf223aeb9be61a85f1fbbec895dead811"
    ],
    "clock": false,
    "dblacklist": false,
    "dwhitelist": false,
    "keyword": {
        "c298fd9fc2568d79be1a6a44949e6af4b": {
            "B": {},
            "F": false
        },
        "c49c382752f24f7a1e4e1e1fa50cdf7bf": {
            "B": {},
            "F": false
        },
        "c5eb4f975b5965afecd396de622b51100": {
            "B": {},
            "F": false
        },
        "ced5282d5b71cfe81d6f68e5bb3aa7455": {
            "B": {},
            "F": false
        },
        "u8cae982abc647f463d9d1baae6138d57": {
            "B": {},
            "F": false
        }
    },
    "kick": false,
    "kitsunecontact": [],
    "kitsuneprotection": [],
    "kitsuneshare": [],
    "kitsuneurl": [],
    "kitsunewelcome": {},
    "leaveRoom": false,
    "lfriend": [],
    "lurkauto": true,
    "lurkp": {},
    "lurkt": {},
    "pname": [],
    "ppict": [],
    "pro_name": {},
    "readPoint": {
        "ced5282d5b71cfe81d6f68e5bb3aa7455": "8015799861503"
    },
    "readPoints": {},
    "setTime": {
        "ced5282d5b71cfe81d6f68e5bb3aa7455": {
            "u0cb9b53e3e96bf9c3a8cd6c4b6e81450": 1527309305005,
            "u1abaf60a33748568578bcfc59a40e8a0": 1527309305050,
            "u4da51453a8473d250a7ac537a16ef9eb": 1527306997715,
            "u5812e04ea0a549d57fbb42c9a71e0b8b": 1527310254042,
            "u61aa26c453c9be565703f92f0ae82514": 1527309557592,
            "u911a53f18a83a7efed7f96474a0d1c75": 1527309672523,
            "ua1cacbd545d4ee19e7d1976f6ea797b2": 1527313266141,
            "ua5d0430099aca0f80a508c10abfa4ae6": 1527310144358,
            "ub0a437d8c41b2949e1de3f884ac32e02": 1527309305053,
            "uca72a90a07399774b3592ea8630cfa95": 1527309305260,
            "ud04081db2331758280d57e0169ae0700": 1527304830247,
            "udf1cc52d2369364e4a32086c0976c9b4": 1527310406708
        }
    },
    "setTimess": [],
    "setkey": "",
    "spam": "Al Ganteng",
    "status": true,
    "talkban": {
        "cvp": false,
        "name": "Ikehh ahh emphh 􀠁􀅶Quotation marks left􏿿􀜅􀅔Har Har􏿿􀔃􀄘dash􏿿􀔃􀄘dash􏿿",
        "pict": "",
        "video": "/tmp/linepy-1527254495-4.bin"
    },
    "talkblacklist": {
        "L": "Ａｌ!",
        "O": "/0hH6o_M7RKFxlSJjuBqsloTm5jGXQlCBFRKhdYdyJzTy54RAIdOUFafCN2HSsrEVFJbEMMeCMkHSwr",
        "S": "d2ed957ab014bacb3b5e7a3ae51a773c",
        "U": "Whtzup Nigga!\n（╯°□°）╯︵(\\ .o.)\\",
        "tos": {
            "c22dd28eddafbde5a05642123c476ce29": {
                "expire": false,
                "flood": 0,
                "time": 1527120338.0385907
            },
            "c2ce587023254eaf7c4eba2465ebc4449": {
                "expire": false,
                "flood": 0,
                "time": 1527124694.5628622
            },
            "c554e28b30fc7c0e603814d6c88fbdeb2": {
                "expire": false,
                "flood": 0,
                "time": 1527109922.2436547
            },
            "c7766547d2ecf886cf00abed165ad8efd": {
                "expire": false,
                "flood": 0,
                "time": 1527124950.521552
            },
            "c7e189ec40ec073cf9efa52c54f3187d1": {
                "expire": false,
                "flood": 0,
                "time": 1527124030.1945095
            },
            "cdd1a1d5560b744311b7b0e934dd304d3": {
                "expire": false,
                "flood": 0,
                "time": 1527115789.4107325
            },
            "cebb49611f104d773af2c58603135ee42": {
                "expire": false,
                "flood": 0,
                "time": 1527116469.4661314
            },
            "ced5282d5b71cfe81d6f68e5bb3aa7455": {
                "expire": true,
                "flood": 0,
                "time": 1527124890.9607577
            },
            "cf3e4a22807326a9d7b0711d0076b7b28": {
                "expire": false,
                "flood": 0,
                "time": 1527112773.7829998
            },
            "u22d94aac4e1659eb6f375ffc7cb17a53": {
                "expire": false,
                "flood": 0,
                "time": 1527096688.2206855
            },
            "u3a347c287efaa0b50e4111851abc2157": {
                "expire": false,
                "flood": 0,
                "time": 1527097914.4725077
            },
            "u72e0842afab6319d4eafeb4ecb383fc8": {
                "expire": false,
                "flood": 2,
                "time": 1527118807.2220407
            },
            "u8afbc957ae98cd3460b06b47ba122fb8": {
                "expire": false,
                "flood": 1,
                "time": 1527110642.5832248
            },
            "u911a53f18a83a7efed7f96474a0d1c75": {
                "expire": false,
                "flood": 0,
                "time": 1527127688.2487566
            },
            "u9fe567010b5b4c337392bb1734d6df7b": {
                "expire": false,
                "flood": 0,
                "time": 1527097468.666306
            },
            "uca72a90a07399774b3592ea8630cfa95": {
                "expire": false,
                "flood": 0,
                "time": 1527086086.4645195
            }
        }
    },
    "talkdblacklist": false,
    "talkwblacklist": false,
    "target": [
        "ub8409bfc8413b1e4e1b9c0667f445920"
    ],
    "tdblacklist": false,
    "timeline": false,
    "tos": {
        "c00d8a0694cdae70af888b4a36a95892d": {},
        "c01f5864eaaf6a466b71ef334c64a3279": {
            "setset": false
        },
        "c22dd28eddafbde5a05642123c476ce29": {},
        "c2ce587023254eaf7c4eba2465ebc4449": {},
        "c554e28b30fc7c0e603814d6c88fbdeb2": {},
        "c68d55b9c9e455980246a9fc7e122dbf4": {
            "setset": false
        },
        "c7766547d2ecf886cf00abed165ad8efd": {
            "setset": true
        },
        "c7e189ec40ec073cf9efa52c54f3187d1": {},
        "cb82c143a2b3868922316eb8bb5b71e88": {
            "setset": false
        },
        "cc7797bdb00a82ed8a1516e312af80759": {},
        "cdd1a1d5560b744311b7b0e934dd304d3": {},
        "cebb49611f104d773af2c58603135ee42": {},
        "ced5282d5b71cfe81d6f68e5bb3aa7455": {},
        "cf3e4a22807326a9d7b0711d0076b7b28": {},
        "cfa6bcf55a1847f2ea3819067132c961b": {
            "setset": false
        },
        "cfced3308847eefb6d46f0408aa6c51d5": {
            "setset": false
        },
        "u161b33e9c803474d51d4427bca3278f4": {},
        "u1abaf60a33748568578bcfc59a40e8a0": {},
        "u1e27b30eec033454a76b309cb556d7e3": {},
        "u22d94aac4e1659eb6f375ffc7cb17a53": {
            "setset": false
        },
        "u265dd92e8a9d7758e4eb626b321f6258": {
            "setset": false
        },
        "u3a347c287efaa0b50e4111851abc2157": {},
        "u51a5fbf91a1560ae6ac5192f880b9e4a": {
            "setset": false
        },
        "u65872d7ae8a556f3fdd3595f8c83e82a": {},
        "u6832b3c31fd325b781557d0891a0b5a4": {
            "setset": false
        },
        "u72e0842afab6319d4eafeb4ecb383fc8": {},
        "u78bdd6b411013de81e5a7786f670bc02": {
            "setset": false
        },
        "u7fcedd37e467a710e0743ab3b187a032": {},
        "u8afbc957ae98cd3460b06b47ba122fb8": {},
        "u911a53f18a83a7efed7f96474a0d1c75": {},
        "u96dd6766ed352e5c2645c29cc02b5cca": {
            "setset": false
        },
        "u9be4fc3cb5e20054a760c4943ec68227": {},
        "u9fe567010b5b4c337392bb1734d6df7b": {
            "setset": false
        },
        "u9fec89015e171bc9a8f82ce1ded83075": {
            "setset": false
        },
        "ua3715696ac98cd2b5a96b30fac369c99": {
            "setset": false
        },
        "ua5d0430099aca0f80a508c10abfa4ae6": {
            "setset": false
        },
        "ua647d0d2674e16cf0a9e8beb2e00043e": {
            "setset": false
        },
        "uca72a90a07399774b3592ea8630cfa95": {
            "setset": false
        },
        "udf020b4216856ed2250cf3288f12f126": {
            "setset": false
        },
        "ue483bc77aae966ec443765ded8b305b8": {
            "setset": false
        },
        "ue90409dba3b67a7f9748a1ced1b8eb2e": {},
        "ueb55a5a54b54967b7b75b957cc54e787": {
            "setset": false
        }
    },
    "twblacklist": false,
    "wblacklist": false,
    "word": "ErUFmrnv4b0MN68PBMK6.PDbdajMSOpGkuiWqQ+Pk5G.CcSuIE69XO/7bY6tw9s8qpG98Dd1u0m3utsznfoqaL8=",
    "wwhitelist": false
}