{
    "Addimage": false,
    "Addsticker": false,
    "Anime": false,
    "ChangeCover": false,
    "ChangeDP": false,
    "ChangeGDP": false,
    "GN": "",
    "GROUP": {
        "AR": {
            "AP": [
                "c1d097f88538cf889d30cae893b98a56e",
                "ced5282d5b71cfe81d6f68e5bb3aa7455",
                "cd321fc784fee8acd79f11590947d7940",
                "c368b996be8197190bf9353d618f7835d",
                "cf5b566c0cb8893e2c19dc9c08afb3564"
            ],
            "P": {},
            "S": {
                "c1d097f88538cf889d30cae893b98a56e": {
                    "AP": false,
                    "Sticker": {
                        "STKID": "12860209",
                        "STKOPT": "A",
                        "STKPKGID": "1318703",
                        "STKTXT": "[Sticker]",
                        "STKVER": "1"
                    }
                },
                "c368b996be8197190bf9353d618f7835d": {
                    "AP": false,
                    "Sticker": {
                        "STKID": "12860198",
                        "STKOPT": "A",
                        "STKPKGID": "1318703",
                        "STKTXT": "[Sticker]",
                        "STKVER": "1"
                    }
                },
                "cd321fc784fee8acd79f11590947d7940": {
                    "AP": false,
                    "Sticker": {
                        "STKID": "12860202",
                        "STKOPT": "A",
                        "STKPKGID": "1318703",
                        "STKTXT": "[Sticker]",
                        "STKVER": "1"
                    }
                },
                "ced5282d5b71cfe81d6f68e5bb3aa7455": {
                    "AP": false,
                    "Sticker": {
                        "STKID": "109",
                        "STKPKGID": "1",
                        "STKTXT": "[Sticker]",
                        "STKVER": "100"
                    }
                },
                "cf5b566c0cb8893e2c19dc9c08afb3564": {
                    "AP": false,
                    "Sticker": {
                        "STKID": "12860205",
                        "STKOPT": "A",
                        "STKPKGID": "1318703",
                        "STKTXT": "[Sticker]",
                        "STKVER": "1"
                    }
                }
            }
        },
        "LM": {
            "AP": [
                "ced5282d5b71cfe81d6f68e5bb3aa7455",
                "cd321fc784fee8acd79f11590947d7940",
                "cf5b566c0cb8893e2c19dc9c08afb3564",
                "c1d097f88538cf889d30cae893b98a56e",
                "c368b996be8197190bf9353d618f7835d"
            ],
            "P": {
                "c1d097f88538cf889d30cae893b98a56e": "See you next time kawan...\n\ud83d\udc49SEMOGA SELAMAT SMPAI TJUAN.\n\ud83d\udc49Hati\" Di jalan",
                "c368b996be8197190bf9353d618f7835d": "See you next time kawan...\n\ud83d\udc49SEMOGA SELAMAT SMPAI TJUAN.\n\ud83d\udc49Hati\" Di jalan",
                "cd321fc784fee8acd79f11590947d7940": "See you next time kawan...\n\ud83d\udc49SEMOGA SELAMAT SMPAI TJUAN.\n\ud83d\udc49Hati\" Di jalan",
                "cf5b566c0cb8893e2c19dc9c08afb3564": "See you next time kawan...\n\ud83d\udc49SEMOGA SELAMAT SMPAI TJUAN.\n\ud83d\udc49Hati\" Di jalan"
            },
            "S": {}
        },
        "WM": {
            "AP": [
                "ced5282d5b71cfe81d6f68e5bb3aa7455",
                "c1d097f88538cf889d30cae893b98a56e",
                "cf5b566c0cb8893e2c19dc9c08afb3564",
                "cd321fc784fee8acd79f11590947d7940",
                "c368b996be8197190bf9353d618f7835d"
            ],
            "P": {
                "c1d097f88538cf889d30cae893b98a56e": "\ud83d\ude4bSELAMAT DATANG DI ROOM VIX FAMILY\ud83d\ude18\ud83d\ude18 BUDAYAKAN SALING SAPA,SIMAK NOTE & SALING FOLLOW\ud83d\ude04\n\n\ud83d\ude4fEXPRESSIKAN SUARAMU BERSAMA:\n\ud83d\udc83VIX FAMILY\ud83d\udc83",
                "c368b996be8197190bf9353d618f7835d": "@!\ud83d\ude4bSELAMAT DATANG DI MAIN ROOM YVC\ud83d\ude18\ud83d\ude18 BUDAYAKAN SALING SAPA,SIMAK NOTE & SALING FOLLOW\ud83d\ude04\n\n\ud83d\ude4fSALAM YUHUUU\ud83d\ude4f\n",
                "cd321fc784fee8acd79f11590947d7940": "@!\ud83d\ude4bSELAMAT DATANG DI ROOM PESEX FAMILY\ud83d\ude18\ud83d\ude18 BUDAYAKAN SALING SAPA,SIMAK NOTE & SALING FOLLOW\ud83d\ude04\n\n\ud83d\ude4fSALAM CERIA\ud83d\ude4f\n\ud83d\udc83PESEX FAMILY\ud83d\udc83",
                "ced5282d5b71cfe81d6f68e5bb3aa7455": "@!Ngapain join",
                "cf5b566c0cb8893e2c19dc9c08afb3564": "\ud83d\ude4bSELAMAT DATANG DI ROOM EVENT PESEX FAMILY\ud83d\ude18\ud83d\ude18\n\ud83d\udc49 BUDAYAKAN SALING SAPA,SIMAK NOTE & SALING FOLLOW\ud83d\ude04\n\ud83d\udc49IKUTI & HORMATI JALANYA RULEZ EVENT\n\n\ud83d\ude4fSALAM CERIA\ud83d\ude4f\n\ud83d\udc83PESEX FAMILY\ud83d\udc83"
            },
            "S": {
                "c1d097f88538cf889d30cae893b98a56e": {
                    "AP": false,
                    "Sticker": {
                        "STKID": "247",
                        "STKPKGID": "3",
                        "STKTXT": "[Sticker]",
                        "STKVER": "100"
                    }
                },
                "c368b996be8197190bf9353d618f7835d": {
                    "AP": false,
                    "Sticker": {
                        "STKID": "247",
                        "STKPKGID": "3",
                        "STKTXT": "[Sticker]",
                        "STKVER": "100"
                    }
                },
                "cd321fc784fee8acd79f11590947d7940": {
                    "AP": false,
                    "Sticker": {
                        "STKID": "247",
                        "STKPKGID": "3",
                        "STKTXT": "[Sticker]",
                        "STKVER": "100"
                    }
                },
                "ced5282d5b71cfe81d6f68e5bb3aa7455": {
                    "AP": false,
                    "Sticker": {
                        "STKID": "108",
                        "STKPKGID": "1",
                        "STKTXT": "[Sticker]",
                        "STKVER": "100"
                    }
                },
                "cf5b566c0cb8893e2c19dc9c08afb3564": {
                    "AP": false,
                    "Sticker": {
                        "STKID": "247",
                        "STKPKGID": "3",
                        "STKTXT": "[Sticker]",
                        "STKVER": "100"
                    }
                }
            }
        }
    },
    "Images": {},
    "Img": {},
    "Members": 2,
    "MessageCount": true,
    "ROM": {},
    "ROM1": {},
    "Sticker": {},
    "Unsend": {},
    "autoAdd": false,
    "autoCancel": [],
    "autoJoin": false,
    "autoaddpesan": "",
    "autochat": [],
    "autochats": [],
    "autoread1": false,
    "autoread2": false,
    "blacklist": [],
    "bots": [],
    "clock": false,
    "dblacklist": false,
    "dwhitelist": false,
    "keyword": {},
    "kick": false,
    "kitsunecontact": [],
    "kitsuneprotection": [],
    "kitsuneshare": [],
    "kitsuneurl": [],
    "kitsunewelcome": {},
    "leaveRoom": false,
    "lfriend": [],
    "lurkp": {},
    "lurkt": {},
    "pname": [],
    "ppict": [],
    "pro_name": {},
    "readPoint": {},
    "readPoints": {},
    "setTime": {},
    "setTimess": [],
    "setkey": "",
    "spam": "Al Ganteng",
    "status": true,
    "talkban": {
        "cvp": false,
        "name": "Dimaz"
    },
    "talkblacklist": {
        "tos": {
            "c0d8071e728f3d05c6d90c3efc1c4b299": {},
            "c1d097f88538cf889d30cae893b98a56e": {},
            "c1e6c063ed0d16ecdb2c931e438c352da": {},
            "c2ffaa78f85d9a2684aaf94068b8a5955": {},
            "c368b996be8197190bf9353d618f7835d": {},
            "c4c2469eed35e48304cc70f482e528ba3": {},
            "c60d571810abaec14290398cb13c02bfe": {},
            "c788e0aa8eaa9b7b604c9c0a957bd9c69": {},
            "c82a8faa49661b22ee41cf1c8754feef9": {},
            "c8af5500a86262accef578cdc6eb3b62a": {},
            "c9a58a8cd914863d459df21c5b176ae93": {},
            "ca717df1d3aabd74b947a0070f981a7d7": {},
            "cc2105068d7640d213b91d5125ccbb385": {},
            "cce75aa3f4031938c46f6bf3ebecf2121": {},
            "cd321fc784fee8acd79f11590947d7940": {},
            "cd37717e1f37d6521119fbce38d94f2bd": {},
            "ced5282d5b71cfe81d6f68e5bb3aa7455": {},
            "cf5b566c0cb8893e2c19dc9c08afb3564": {},
            "u10162b8c3d66c95853b93b7db3aec395": {
                "setset": false
            },
            "u1e27b30eec033454a76b309cb556d7e3": {
                "setset": false
            },
            "u2217fc327588799bacf891807e6edc7e": {
                "setset": false
            },
            "u35932e3f7f5ae58b5a2bce150c031ab9": {
                "setset": false
            },
            "u5087e3f6af8bfe7bef691fc962045d8d": {
                "setset": false
            },
            "u51a5fbf91a1560ae6ac5192f880b9e4a": {
                "setset": false
            },
            "u5c5277e27f1b97362e74d6be93519237": {
                "setset": false
            },
            "u68019df62b04143769035965b48d51cd": {
                "setset": false
            },
            "u6b76cccc66b0bad22738b3d56ad91c84": {
                "setset": false
            },
            "u82919cbab6be321c82a299a34ceaf121": {
                "setset": false
            },
            "u88b32640c0b19053eec6d85c7cf916b0": {
                "setset": false
            },
            "u8a780e2215f1acca5444a74cf8203056": {
                "setset": false
            },
            "uaa07caaaa32200b8efc696f5c8f2a1b7": {
                "setset": false
            },
            "uacfc0a027128fe64d2cb7634a0501277": {
                "setset": false
            },
            "ub028e7c274fd66bada33ce5fdd167073": {
                "setset": false
            },
            "ub054ddfbee830455ec8a8567369dc196": {
                "setset": false
            },
            "ub0a437d8c41b2949e1de3f884ac32e02": {
                "setset": false
            },
            "ub8abb41465092a91bb66773420cb52c6": {
                "setset": false
            },
            "uc1d6c1f8d373514ee5b18eea8e80132d": {
                "setset": false
            },
            "uc3ceaa8f87d7a31a1e9f8ebc1630668c": {
                "setset": false
            },
            "uc451bf2477a6bafaf8c5f9f36554bd09": {
                "setset": false
            },
            "uc5da35ba7008633b447b7dfc2e3817f7": {
                "setset": false
            },
            "ucb8a9e57e8b713ccb8c0254f8f432576": {
                "setset": false
            },
            "udcc68979461ff8ef4210ba13df399f00": {
                "setset": false
            },
            "uf939782592ad9ea76b63ad20fe47b009": {
                "setset": false
            },
            "ufd4ac662e10ba33fb7d9cf3a4592433c": {
                "setset": false
            }
        }
    },
    "talkdblacklist": false,
    "talkwblacklist": false,
    "target": [],
    "tdblacklist": false,
    "timeline": false,
    "twblacklist": false,
    "wblacklist": false,
    "word": "ErUFmrnv4b0MN68PBMK6.PDbdajMSOpGkuiWqQ+Pk5G.CcSuIE69XO/7bY6tw9s8qpG98Dd1u0m3utsznfoqaL8=",
    "wwhitelist": false
}