{
    "Addimage": false,
    "Addsticker": false,
    "Anime": false,
    "ChangeCover": true,
    "ChangeDP": false,
    "ChangeGDP": false,
    "GN": "",
    "GROUP": {
        "AM": {
            "AP": {}
        },
        "AR": {
            "AP": [
                "ca02b4b9622d55374fa23db0ed63f6383"
            ],
            "P": {
                "c00d8a0694cdae70af888b4a36a95892d": "Test",
                "c92a2970dd80af63190a79003d14b4e7c": "Hy beb|",
                "ca02b4b9622d55374fa23db0ed63f6383": "Hy darling",
                "ce07d9245530eb1f56fd8d41ed0feab6d": "Kenapa tag :v",
                "ced5282d5b71cfe81d6f68e5bb3aa7455": "Huy"
            },
            "S": {}
        },
        "LM": {
            "AP": [],
            "P": {},
            "S": {
                "ced5282d5b71cfe81d6f68e5bb3aa7455": {
                    "AP": false,
                    "Sticker": {
                        "STKID": "291537",
                        "STKPKGID": "1005662",
                        "STKTXT": "[Sticker]",
                        "STKVER": "1"
                    }
                }
            }
        },
        "WM": {
            "AP": [],
            "P": {
                "ced5282d5b71cfe81d6f68e5bb3aa7455": "@!Hm"
            },
            "S": {}
        }
    },
    "Images": {
        "apa": "dataSeen/apa.gif",
        "dor": "dataSeen/dor.gif",
        "ok": "dataSeen/ok.gif",
        "wkwkwk": "dataSeen/wkwkwk.gif"
    },
    "Img": {},
    "Members": 10,
    "MessageCount": true,
    "ROM": {
        "c098f5f1a34e58e58c1944f4f840a0b4a": {
            "u1fb79b09f1a422c53f5c4bf5293bdb02": {
                "msg.id": [
                    "8010224382090",
                    "8010231134034",
                    "8010245123130"
                ],
                "waktu": [
                    1527164339798,
                    1527164414700,
                    1527164567759
                ]
            },
            "u27e2a593744436efcf486ac5d12c5eba": {
                "msg.id": [
                    "8009643411471"
                ],
                "waktu": [
                    1527157446744
                ]
            },
            "u7c1e229a8bbbf7e08ef90e938c83ddd5": {
                "msg.id": [
                    "8005720046191"
                ],
                "waktu": [
                    1527086406236
                ]
            },
            "ua632278902552ef039f5c60a088b1281": {
                "msg.id": [
                    "8014479554722"
                ],
                "waktu": [
                    1527238970871
                ]
            }
        },
        "c15636cad3e3e0d266ceaef3aaa0ae3ab": {
            "u73e20101a92f28541c984a0be2786fd1": {
                "msg.id": [
                    "8008800960825",
                    "8008804083884"
                ],
                "waktu": [
                    1527145901442,
                    1527145949799
                ]
            }
        },
        "c297819908081467d63974eae57167a22": {
            "uac013fb4a4bbccef7a3e5ef18bbdaef9": {
                "msg.id": [
                    "8018181348032"
                ],
                "waktu": [
                    1527304066861
                ]
            },
            "uf3facf29810a008d13b5480a11d65bef": {
                "msg.id": [
                    "8018578050033"
                ],
                "waktu": [
                    1527310262313
                ]
            }
        },
        "c45a34bab856468e921ab1d6d795a1058": {
            "u06bb09b7992f0bf07e1ff9395cce0dc9": {
                "msg.id": [
                    "8010347719131",
                    "8012525754460"
                ],
                "waktu": [
                    1527165682053,
                    1527208330675
                ]
            },
            "u2c7b36b1c650eda5dcaa6a04557fc8e3": {
                "msg.id": [
                    "8012674176004",
                    "8014621050285",
                    "8015041966366",
                    "8017824968632"
                ],
                "waktu": [
                    1527211151141,
                    1527240731602,
                    1527245807379,
                    1527297828672
                ]
            },
            "u3a72ec2243995bd10b02d0a889d8d05d": {
                "msg.id": [
                    "8010406047444"
                ],
                "waktu": [
                    1527166301928
                ]
            },
            "u4d10c53349e959097e3fe72f1a4b333a": {
                "msg.id": [
                    "8011828607976"
                ],
                "waktu": [
                    1527190064361
                ]
            },
            "u70a74c67a8fcf7619effc58c6e4e553f": {
                "msg.id": [
                    "8005235246596",
                    "8006163796548",
                    "8017824821211",
                    "8017885752605",
                    "8018038585530"
                ],
                "waktu": [
                    1527081145089,
                    1527093118605,
                    1527297825872,
                    1527298963359,
                    1527301682284
                ]
            },
            "u944fea0b3dbf61fc63baa5eb1560637b": {
                "msg.id": [
                    "8006163918167"
                ],
                "waktu": [
                    1527093120973
                ]
            },
            "ua5c77618885741fd8feb655b205e148b": {
                "msg.id": [
                    "8012674166168",
                    "8015176921270",
                    "8017941959683"
                ],
                "waktu": [
                    1527211151007,
                    1527247410447,
                    1527299987177
                ]
            }
        },
        "c4a92636f527aa82e2aa58091c119f86e": {
            "u201cc7e3c0d829dcf21deb268e6ce5c9": {
                "msg.id": [
                    "8006986051461",
                    "8013233049844"
                ],
                "waktu": [
                    1527115772514,
                    1527220128324
                ]
            }
        },
        "c57dc95fa4cb1fadce4829909461293e1": {
            "u06bb09b7992f0bf07e1ff9395cce0dc9": {
                "msg.id": [
                    "8007796462034",
                    "8013097917387",
                    "8013574508183",
                    "8018205503642",
                    "8018355248238"
                ],
                "waktu": [
                    1527130513311,
                    1527218233151,
                    1527225345005,
                    1527304450055,
                    1527306777095
                ]
            },
            "u0a00ea431fc47f117a01547fdb9650e4": {
                "msg.id": [
                    "8007868734071",
                    "8007944745749",
                    "8017567448570"
                ],
                "waktu": [
                    1527131589988,
                    1527132657685,
                    1527292471585
                ]
            },
            "u293f4d123a9c27433c832ba140774b78": {
                "msg.id": [
                    "8017570234984"
                ],
                "waktu": [
                    1527292535950
                ]
            },
            "u2c7b36b1c650eda5dcaa6a04557fc8e3": {
                "msg.id": [
                    "8006020711887",
                    "8012314488256",
                    "8012675826429",
                    "8013148419773",
                    "8014092793056",
                    "8017895985333",
                    "8018411072361",
                    "8018641831665"
                ],
                "waktu": [
                    1527090491646,
                    1527204004589,
                    1527211181621,
                    1527218953495,
                    1527233543834,
                    1527299151770,
                    1527307637841,
                    1527311287304
                ]
            },
            "u3a72ec2243995bd10b02d0a889d8d05d": {
                "msg.id": [
                    "8009250848586",
                    "8018246979069",
                    "8018257338876"
                ],
                "waktu": [
                    1527152444992,
                    1527305103521,
                    1527305265324
                ]
            },
            "u3fbcc20af1dba32f110ca0387fc21c11": {
                "msg.id": [
                    "8006490205984",
                    "8018388784120"
                ],
                "waktu": [
                    1527101592002,
                    1527307292166
                ]
            },
            "u70a74c67a8fcf7619effc58c6e4e553f": {
                "msg.id": [
                    "8006020702344",
                    "8006490202805",
                    "8017567448834",
                    "8017895982305",
                    "8018246806870",
                    "8018388781254",
                    "8018411055499",
                    "8018641833644"
                ],
                "waktu": [
                    1527090491515,
                    1527101591966,
                    1527292471590,
                    1527299151607,
                    1527305100986,
                    1527307292256,
                    1527307637664,
                    1527311287217
                ]
            },
            "u944fea0b3dbf61fc63baa5eb1560637b": {
                "msg.id": [
                    "8008070702289"
                ],
                "waktu": [
                    1527134404620
                ]
            },
            "ua5c77618885741fd8feb655b205e148b": {
                "msg.id": [
                    "8018257165045",
                    "8018411068061",
                    "8018641821576"
                ],
                "waktu": [
                    1527305262554,
                    1527307637687,
                    1527311287188
                ]
            },
            "uc33b38b66ba94333c219033e22317912": {
                "msg.id": [
                    "8007989956199"
                ],
                "waktu": [
                    1527133282163
                ]
            }
        },
        "c60f73091d2823a891d49608f9c5defd1": {
            "u290d3072b043ff4796a9a91f145931e0": {
                "msg.id": [
                    "8018304818400"
                ],
                "waktu": [
                    1527306000842
                ]
            },
            "u78643d09e42a36836a17cc918963a8b7": {
                "msg.id": [
                    "8017708819659"
                ],
                "waktu": [
                    1527295546979
                ]
            }
        },
        "c87a3f654b884c797da026696774779a0": {
            "u0eb49bbbbbcd8d157290a5079a1cc5ca": {
                "msg.id": [
                    "8017899677861"
                ],
                "waktu": [
                    1527299219541
                ]
            },
            "u1fb79b09f1a422c53f5c4bf5293bdb02": {
                "msg.id": [
                    "8008783219846",
                    "8008783972258"
                ],
                "waktu": [
                    1527145621748,
                    1527145633410
                ]
            },
            "ua632278902552ef039f5c60a088b1281": {
                "msg.id": [
                    "8017915605803"
                ],
                "waktu": [
                    1527299510565
                ]
            }
        },
        "c92a2970dd80af63190a79003d14b4e7c": {
            "u911a53f18a83a7efed7f96474a0d1c75": {
                "msg.id": [
                    "8014949078942",
                    "8014952303880",
                    "8015005116110"
                ],
                "waktu": [
                    1527244675004,
                    1527244713945,
                    1527245355078
                ]
            },
            "ua5d0430099aca0f80a508c10abfa4ae6": {
                "msg.id": [
                    "8015015005391"
                ],
                "waktu": [
                    1527245476368
                ]
            },
            "ub15a816de1373157bc1c21483b2ebfb1": {
                "msg.id": [
                    "8013806097891"
                ],
                "waktu": [
                    1527229063420
                ]
            },
            "uc7d319b7d2d38c35ef2b808e3a2aeed9": {
                "msg.id": [
                    "8014994545144"
                ],
                "waktu": [
                    1527245223837
                ]
            }
        },
        "cc9b3f28194a90a44104eab0db58d22ad": {
            "u64c10bd9717dabe4a46291b0f7e4746a": {
                "msg.id": [
                    "8006501319856",
                    "8012922708939"
                ],
                "waktu": [
                    1527101949631,
                    1527215467798
                ]
            },
            "u9730c63a61e8449e0932a6953548edb0": {
                "msg.id": [
                    "8012925779698"
                ],
                "waktu": [
                    1527215519069
                ]
            }
        },
        "cdf4c96a2472a68a8b3a4ce4c08f5c6f2": {
            "u8e1790ba3d9c6cceee9a9a1898403b81": {
                "msg.id": [
                    "8006581319249"
                ],
                "waktu": [
                    1527104635566
                ]
            },
            "udc6dd09f3f3dac0b5166858b575badad": {
                "msg.id": [
                    "8011610012285"
                ],
                "waktu": [
                    1527183039309
                ]
            }
        },
        "cec1b187a55fe033e3780e2958540f97e": {
            "u1fb79b09f1a422c53f5c4bf5293bdb02": {
                "msg.id": [
                    "8006274163816",
                    "8010127662150"
                ],
                "waktu": [
                    1527095583869,
                    1527163257006
                ]
            },
            "uac013fb4a4bbccef7a3e5ef18bbdaef9": {
                "msg.id": [
                    "8018292573205"
                ],
                "waktu": [
                    1527305811031
                ]
            }
        },
        "ced5282d5b71cfe81d6f68e5bb3aa7455": {
            "u0cb9b53e3e96bf9c3a8cd6c4b6e81450": {
                "msg.id": [
                    "8014057862706"
                ],
                "waktu": [
                    1527233013519
                ]
            },
            "u1abaf60a33748568578bcfc59a40e8a0": {
                "msg.id": [
                    "8011423344561"
                ],
                "waktu": [
                    1527178620390
                ]
            },
            "u1dda062883391e9c87360ab96cd52285": {
                "msg.id": [
                    "8008874490469"
                ],
                "waktu": [
                    1527147038389
                ]
            },
            "u4da51453a8473d250a7ac537a16ef9eb": {
                "msg.id": [
                    "8013768284192",
                    "8013776151461"
                ],
                "waktu": [
                    1527228469728,
                    1527228592319
                ]
            },
            "u61aa26c453c9be565703f92f0ae82514": {
                "msg.id": [
                    "8013860454603",
                    "8013862704609"
                ],
                "waktu": [
                    1527229920662,
                    1527229956095
                ]
            },
            "u8e039acfbb0166ac40cf9106ea5eac6c": {
                "msg.id": [
                    "8010206614711",
                    "8011376893121",
                    "8011408442710",
                    "8011422005194",
                    "8011430055758",
                    "8011431977789",
                    "8011446109579",
                    "8011451220582",
                    "8011833704270",
                    "8018295864209"
                ],
                "waktu": [
                    1527164142902,
                    1527177743565,
                    1527178330554,
                    1527178593919,
                    1527178754560,
                    1527178793294,
                    1527179081430,
                    1527179187453,
                    1527190250609,
                    1527305862161
                ]
            },
            "u911a53f18a83a7efed7f96474a0d1c75": {
                "msg.id": [
                    "8011381223354",
                    "8011588201441",
                    "8011590642576",
                    "8011596333661",
                    "8011601296291",
                    "8012623123829",
                    "8012625587982",
                    "8012631085371",
                    "8013532964700",
                    "8013537341369",
                    "8013558674059",
                    "8013746733269",
                    "8013849653423",
                    "8013854789311",
                    "8013862845806",
                    "8013885292725",
                    "8013957851249",
                    "8013961117295",
                    "8013989767236",
                    "8014008020002",
                    "8015068339999",
                    "8015074914846",
                    "8015105518417",
                    "8015115830397",
                    "8018025857199",
                    "8018045474671",
                    "8018046981375",
                    "8018052290074",
                    "8018067623824",
                    "8018070475810",
                    "8018131061679",
                    "8018134129454",
                    "8018136816031",
                    "8018161092338"
                ],
                "waktu": [
                    1527177821927,
                    1527182446741,
                    1527182511980,
                    1527182665159,
                    1527182800012,
                    1527210207715,
                    1527210253342,
                    1527210354880,
                    1527224657043,
                    1527224728905,
                    1527225082075,
                    1527228135594,
                    1527229750084,
                    1527229831253,
                    1527229958411,
                    1527230312811,
                    1527231466564,
                    1527231517877,
                    1527231968631,
                    1527232253557,
                    1527246125471,
                    1527246204852,
                    1527246568441,
                    1527246691009,
                    1527301461535,
                    1527301802025,
                    1527301828158,
                    1527301919670,
                    1527302180986,
                    1527302229296,
                    1527303252075,
                    1527303302942,
                    1527303347282,
                    1527303744927
                ]
            },
            "ua1d72b4fc1f9334c95b3370032d007e7": {
                "msg.id": [
                    "8011367287993"
                ],
                "waktu": [
                    1527177572809
                ]
            },
            "ua5d0430099aca0f80a508c10abfa4ae6": {
                "msg.id": [
                    "8011372647601"
                ],
                "waktu": [
                    1527177667607
                ]
            },
            "ub0a437d8c41b2949e1de3f884ac32e02": {
                "msg.id": [
                    "8013768276001",
                    "8013776152240"
                ],
                "waktu": [
                    1527228469713,
                    1527228592318
                ]
            },
            "udf1cc52d2369364e4a32086c0976c9b4": {
                "msg.id": [
                    "8013445130232",
                    "8013755952915"
                ],
                "waktu": [
                    1527223251131,
                    1527228278113
                ]
            },
            "uf19dd766cccf032eae3e60732e6e3e4e": {
                "msg.id": [
                    "8009356929756",
                    "8013533204386",
                    "8013592829672"
                ],
                "waktu": [
                    1527153830183,
                    1527224660888,
                    1527225649746
                ]
            },
            "uf988b592090122fd0000bd5518fde999": {
                "msg.id": [
                    "8012623116813",
                    "8012627535499"
                ],
                "waktu": [
                    1527210207689,
                    1527210289369
                ]
            }
        },
        "cf10e2aff138b496676b3a809c48658b2": {
            "ue1ae794cb93bba833c576deda1154d15": {
                "msg.id": [
                    "8012306992001"
                ],
                "waktu": [
                    1527203846466
                ]
            }
        },
        "cf2e7709560429c67e9163ce9a1ef2250": {
            "u76f4b5166f9e36e9a291189f550ede47": {
                "msg.id": [
                    "8010549061574",
                    "8015205015572"
                ],
                "waktu": [
                    1527167777108,
                    1527247738340
                ]
            },
            "udd76b08e9178df926daf94371e9015f1": {
                "msg.id": [
                    "8011954824852"
                ],
                "waktu": [
                    1527194637802
                ]
            },
            "uf1ecec4f991efbe0a91fc853e783c58f": {
                "msg.id": [
                    "8011400558700",
                    "8014502534825",
                    "8014546070327",
                    "8014590499981",
                    "8014594928616"
                ],
                "waktu": [
                    1527178180169,
                    1527239263852,
                    1527239805041,
                    1527240355701,
                    1527240410223
                ]
            }
        },
        "ua1d72b4fc1f9334c95b3370032d007e7": {
            "ua1d72b4fc1f9334c95b3370032d007e7": {
                "msg.id": [
                    "8009412681459"
                ],
                "waktu": [
                    1527154544943
                ]
            }
        },
        "uf3facf29810a008d13b5480a11d65bef": {
            "uf3facf29810a008d13b5480a11d65bef": {
                "msg.id": [
                    "8008518885001"
                ],
                "waktu": [
                    1527141407526
                ]
            }
        }
    },
    "ROM1": {
        "ced5282d5b71cfe81d6f68e5bb3aa7455": {
            "u0cb9b53e3e96bf9c3a8cd6c4b6e81450": "u0cb9b53e3e96bf9c3a8cd6c4b6e81450",
            "u1abaf60a33748568578bcfc59a40e8a0": "u1abaf60a33748568578bcfc59a40e8a0",
            "u4c1ba086eb52445aa7cc10516149d468": "u4c1ba086eb52445aa7cc10516149d468",
            "u4da51453a8473d250a7ac537a16ef9eb": "u4da51453a8473d250a7ac537a16ef9eb",
            "u5812e04ea0a549d57fbb42c9a71e0b8b": "u5812e04ea0a549d57fbb42c9a71e0b8b",
            "u61aa26c453c9be565703f92f0ae82514": "u61aa26c453c9be565703f92f0ae82514",
            "u911a53f18a83a7efed7f96474a0d1c75": "u911a53f18a83a7efed7f96474a0d1c75",
            "ua1cacbd545d4ee19e7d1976f6ea797b2": "ua1cacbd545d4ee19e7d1976f6ea797b2",
            "ua5d0430099aca0f80a508c10abfa4ae6": "ua5d0430099aca0f80a508c10abfa4ae6",
            "ub0a437d8c41b2949e1de3f884ac32e02": "ub0a437d8c41b2949e1de3f884ac32e02",
            "ud04081db2331758280d57e0169ae0700": "ud04081db2331758280d57e0169ae0700",
            "udf1cc52d2369364e4a32086c0976c9b4": "udf1cc52d2369364e4a32086c0976c9b4",
            "uf19dd766cccf032eae3e60732e6e3e4e": "uf19dd766cccf032eae3e60732e6e3e4e"
        }
    },
    "Sticker": {
        ":v": {
            "STKID": "32808587",
            "STKPKGID": "3128472",
            "STKTXT": "[Sticker]",
            "STKVER": "1"
        },
        ">:(": {
            "STKID": "26765574",
            "STKPKGID": "1862778",
            "STKTXT": "[Sticker]",
            "STKVER": "1"
        },
        "hmm": {
            "STKID": "291528",
            "STKPKGID": "1005662",
            "STKTXT": "[Sticker]",
            "STKVER": "1"
        }
    },
    "Unsend": {
        "c098f5f1a34e58e58c1944f4f840a0b4a": {
            "B": [
                "8005114943903",
                "8005114942616",
                "8005134626241",
                "8005145834101",
                "8005145833550",
                "8005146237013",
                "8005432754225",
                "8005435254513",
                "8005720053852",
                "8005720052917",
                "8005720056503",
                "8005746853921",
                "8005746850056",
                "8005786368788",
                "8005786366280",
                "8015154591213",
                "8015154630673",
                "8017542281696",
                "8017542572738",
                "8017618062788",
                "8017618069922",
                "8018064014178",
                "8018098823261",
                "8018098825313",
                "8018098825313",
                "8018100396691",
                "8018118673451",
                "8018121837278",
                "8018122056253",
                "8018122211338",
                "8018122435597",
                "8018124281229",
                "8018227655443",
                "8018227686848",
                "8018227686848",
                "8018492130815",
                "8018492488435",
                "8018496121886",
                "8018496341797"
            ]
        },
        "c15636cad3e3e0d266ceaef3aaa0ae3ab": {
            "B": []
        },
        "c297819908081467d63974eae57167a22": {
            "B": [
                "8008534074676",
                "8008534149237",
                "8008534149237",
                "8010337093910",
                "8010339993242",
                "8010349573343",
                "8010352304362",
                "8010364125071",
                "8010366786889",
                "8011437987441",
                "8017816061495",
                "8017816140749",
                "8018154337737",
                "8018155962863",
                "8018181348193",
                "8018181348027",
                "8018196491316",
                "8018196481739",
                "8018196954200",
                "8018196954200",
                "8018197293216",
                "8018197293216",
                "8018202772676",
                "8018579277996",
                "8018579604247",
                "8018579694400",
                "8018582007860",
                "8018582591909",
                "8018582801995",
                "8018584062123",
                "8018584756898",
                "8018589539098",
                "8018590968822",
                "8018591102301",
                "8018591596576"
            ]
        },
        "c3489026702ec2159c95cadc5b0c4d9ce": {
            "B": [
                "8005518810642",
                "8005521481155",
                "8006530683112",
                "8006531485794",
                "8007521064517",
                "8007522984980",
                "8009192485227",
                "8009194586881",
                "8011506229679",
                "8011507403128",
                "8012019259106",
                "8012020785493",
                "8012553924744",
                "8012555375476",
                "8012574161741",
                "8012575941180",
                "8012577268633",
                "8012577633081",
                "8012579169903",
                "8013062874210",
                "8013064722415",
                "8013064977580",
                "8013066976519",
                "8013466995518",
                "8013468801858",
                "8018443161267",
                "8018443171037"
            ]
        },
        "c45a34bab856468e921ab1d6d795a1058": {
            "B": [
                "8006163957542",
                "8006165993400",
                "8010347909782",
                "8010350770729",
                "8012525889554",
                "8012527288070",
                "8015163197852",
                "8015163535884",
                "8017941997115",
                "8017943673875",
                "8018039422240"
            ]
        },
        "c4a92636f527aa82e2aa58091c119f86e": {
            "B": []
        },
        "c4cb8033f4786e006269eee1925a3ea3a": {
            "B": [
                "8008529457578",
                "8008876709692",
                "8008876709692",
                "8008877633020",
                "8008877633020",
                "8013858821732",
                "8013858821732",
                "8013858847638",
                "8013858847638",
                "8013922063738",
                "8013922063738",
                "8014016859486",
                "8014016930182",
                "8014027958805",
                "8014031198694",
                "8014031202257",
                "8018110502820",
                "8018110502820",
                "8018516971928"
            ]
        },
        "c57dc95fa4cb1fadce4829909461293e1": {
            "B": [
                "8006490217554",
                "8006491066396",
                "8008070950101",
                "8008072921274",
                "8017567463499",
                "8017569622780",
                "8018205688334",
                "8018207721866",
                "8018227271681",
                "8018229033189",
                "8018247063853",
                "8018249071711",
                "8018355798487",
                "8018357655857",
                "8018359476748",
                "8018361303380",
                "8018388851524",
                "8018390663392"
            ]
        },
        "c60f73091d2823a891d49608f9c5defd1": {
            "B": [
                "8018286455893",
                "8018296310098",
                "8018296309583",
                "8018296310927",
                "8018297270781",
                "8018325104048",
                "8018325435231"
            ]
        },
        "c69293661097e21e4659167f1ffe0fbf4": {
            "B": []
        },
        "c6baa8be1a7815faf307d9b5727dde24b": {
            "B": [
                "8017765839026",
                "8017767472121",
                "8017770237787",
                "8017770232196"
            ]
        },
        "c7e241255cb5c97cf592c15f68b0ba406": {
            "B": []
        },
        "c87659db2ec00939445b3e137ff633a60": {
            "B": []
        },
        "c87a3f654b884c797da026696774779a0": {
            "B": [
                "8011450489815",
                "8011450503330",
                "8017540766908",
                "8017540769354",
                "8017851184270",
                "8017851336004",
                "8018446512873",
                "8018446509010"
            ]
        },
        "c92a2970dd80af63190a79003d14b4e7c": {
            "B": [
                "8013816351350",
                "8014941697908",
                "8014944108449",
                "8014946128144",
                "8014948173973",
                "8014948482333",
                "8014948551389",
                "8014948482333",
                "8014949259876",
                "8014949259876",
                "8014949419388",
                "8014951847984",
                "8014955561469",
                "8014955586553",
                "8014955586553",
                "8014956328125",
                "8014956328125",
                "8014965475402",
                "8014980978950",
                "8014984529754",
                "8014984752127",
                "8014992938842",
                "8014997221178",
                "8014998722834",
                "8015001637394",
                "8015001989207",
                "8015009095344",
                "8015013650947",
                "8015014235614",
                "8015022010051",
                "8015033384120",
                "8015033790658"
            ]
        },
        "cb674590ce22b627fb9962939646dac31": {
            "B": [
                "8005244339345",
                "8009307507687",
                "8009371306454",
                "8009501049548",
                "8013967710140",
                "8013968193349",
                "8013968259377",
                "8014010205791",
                "8014010261552"
            ]
        },
        "cc9b3f28194a90a44104eab0db58d22ad": {
            "B": [
                "8012925763704",
                "8012925763916"
            ]
        },
        "cdbf1ddf3040e25ed4d5fc91408fe1007": {
            "B": []
        },
        "cdc8ee3203d0d8a7a888abd366202f5d0": {
            "B": [
                "8008871379413"
            ]
        },
        "cdf4c96a2472a68a8b3a4ce4c08f5c6f2": {
            "B": [
                "8005083073020",
                "8005085860048",
                "8005506840259",
                "8005509589253",
                "8005636105943",
                "8005639179809",
                "8005905197919",
                "8005907353571",
                "8006581368367",
                "8006582140696",
                "8006618721881",
                "8006620075997",
                "8007178626206",
                "8007180361777",
                "8008111859176",
                "8008114536181",
                "8008381494778",
                "8008384088207",
                "8008527060777",
                "8008528792074",
                "8008604622560",
                "8008606657069",
                "8008813009738",
                "8008814956381",
                "8008835908400",
                "8008837981039",
                "8009735907126",
                "8009738747327",
                "8009960646823",
                "8010006782074",
                "8010009409537",
                "8010020186626",
                "8010022472119",
                "8010267996479",
                "8010270531850",
                "8010390117642",
                "8010393078325",
                "8011416690159",
                "8011418228262",
                "8011436069368",
                "8011437457700",
                "8011599554976",
                "8011600594573",
                "8011610056406",
                "8011611121248",
                "8011633131779",
                "8011634129118",
                "8011636419349",
                "8011637459821",
                "8011653711383",
                "8011654793858",
                "8011657454688",
                "8011658359429",
                "8011663417848",
                "8011664435065",
                "8011670250294",
                "8011671281363",
                "8011771527302",
                "8011772451144",
                "8012423009289",
                "8012426905269",
                "8012654517932",
                "8012656130072",
                "8013047096092",
                "8013049033151",
                "8013852503452",
                "8013854673739",
                "8013903871441",
                "8013905937599",
                "8013968704611",
                "8013970582144",
                "8014374744135",
                "8014377039491",
                "8014507482035",
                "8014510597042",
                "8014540348382",
                "8014542991031",
                "8014646604118",
                "8014649541503",
                "8014886923139",
                "8014889483610",
                "8015003735785",
                "8015006211538"
            ]
        },
        "cec1b187a55fe033e3780e2958540f97e": {
            "B": [
                "8006265915809",
                "8006266106429",
                "8009422130886",
                "8018262366970",
                "8018262360170",
                "8018263196015",
                "8018263196015",
                "8018263578865",
                "8018263578865",
                "8018264198595",
                "8018264202763",
                "8018264853819",
                "8018264853819",
                "8018265111935",
                "8018265111935",
                "8018270002519",
                "8018274320347",
                "8018278243734",
                "8018278661817",
                "8018279909295",
                "8018290053630",
                "8018290194405",
                "8018291306755",
                "8018291305139",
                "8018292546037",
                "8018292560620",
                "8018292567458",
                "8018292567672",
                "8018292562560"
            ]
        },
        "ced5282d5b71cfe81d6f68e5bb3aa7455": {
            "B": [
                "7966547070770",
                "8005006202333",
                "8005006188505",
                "8005006901261",
                "8005007838030",
                "8005009671043",
                "8005010121736",
                "8005011264944",
                "8005011265999",
                "8005011264549",
                "8005011708304",
                "8005012467348",
                "8005012780662",
                "8005013120975",
                "8005014500995",
                "8005028628420",
                "8005036193884",
                "8005036475139",
                "8005036478237",
                "8005038490726",
                "8005038495414",
                "8005041130969",
                "8005041119561",
                "8005042176555",
                "8005042651957",
                "8005042656443",
                "8005043006249",
                "8005044389735",
                "8005044605414",
                "8005044595060",
                "8005044613351",
                "8005048042122",
                "8005048049340",
                "8005051573552",
                "8005051567587",
                "8005054341059",
                "8005054765311",
                "8005055879310",
                "8005057068936",
                "8005063009882",
                "8005064025559",
                "8005064027976",
                "8005068911620",
                "8005069538710",
                "8005075083003",
                "8005076527992",
                "8005077356504",
                "8005079951459",
                "8005080569896",
                "8005080865752",
                "8005080867378",
                "8005080873194",
                "8005080881650",
                "8005080876702",
                "8005080880716",
                "8005080882875",
                "8005082520781",
                "8005082649039",
                "8005084569447",
                "8005084630893",
                "8005084671304",
                "8005084630893",
                "8005085259240",
                "8005086090951",
                "8005086081234",
                "8005086723980",
                "8005086732102",
                "8005086746038",
                "8005086742767",
                "8005086750326",
                "8005086739830",
                "8005086753085",
                "8005086762611",
                "8005086758942",
                "8005086850555",
                "8005090768825",
                "8005099480460",
                "8005102122920",
                "8005104869313",
                "8005104869313",
                "8005105358875",
                "8005106362789",
                "8005106958066",
                "8005107905813",
                "8005108409743",
                "8005108674402",
                "8005124522657",
                "8005124522657",
                "8005124816394",
                "8005125162149",
                "8005125427202",
                "8005130518316",
                "8005131669984",
                "8005140961513",
                "8005140961513",
                "8005141383037",
                "8005141793189",
                "8005143182513",
                "8005149125942",
                "8005152097927",
                "8005152336545",
                "8005154745278",
                "8005155876572",
                "8005156231131",
                "8005162254808",
                "8005162438679",
                "8005166719720",
                "8005166737477",
                "8005166750473",
                "8005166915226",
                "8005169663403",
                "8005172131069",
                "8005172322862",
                "8005172554142",
                "8005175370739",
                "8005180958094",
                "8005181082560",
                "8005193649009",
                "8005193650906",
                "8005193653003",
                "8005193671332",
                "8005193664822",
                "8005193664824",
                "8005193676092",
                "8005193679521",
                "8005193681943",
                "8005193693845",
                "8005193681851",
                "8005200606694",
                "8005201998287",
                "8005203407753",
                "8005203774835",
                "8005204720474",
                "8005205297559",
                "8005205474345",
                "8005224713457",
                "8005224711933",
                "8005224717862",
                "8005224728715",
                "8005224717983",
                "8005224739360",
                "8005224734519",
                "8005224733399",
                "8005224738695",
                "8005224750767",
                "8005224755800",
                "8005231395252",
                "8005241857092",
                "8005246929917",
                "8005246926849",
                "8005247642383",
                "8005248119093",
                "8005253416863",
                "8005254119852",
                "8005256281571",
                "8005257351822",
                "8005257344017",
                "8005258388333",
                "8005258704321",
                "8005258706207",
                "8005258719221",
                "8005258714812",
                "8005258718370",
                "8005258728858",
                "8005258732375",
                "8005258726773",
                "8005258741281",
                "8005258732485",
                "8005258811993",
                "8005261873645",
                "8005264715040",
                "8005265924644",
                "8005265915568",
                "8005278339047",
                "8005278347351",
                "8005278673943",
                "8005286762590",
                "8005289562809",
                "8005293650298",
                "8005293650298",
                "8005293866205",
                "8005301979149",
                "8005301992667",
                "8005301991097",
                "8005302005589",
                "8005302000173",
                "8005302014652",
                "8005302009815",
                "8005302016310",
                "8005302020687",
                "8005308236642",
                "8005309069587",
                "8005309066717",
                "8005313461083",
                "8005313678665",
                "8005511935108",
                "8005689523763",
                "8005689516908",
                "8005689524968",
                "8005689532623",
                "8005689534389",
                "8005689548461",
                "8005689547410",
                "8005689554515",
                "8005689558509",
                "8005689565107",
                "8005689566394",
                "8005689578199",
                "8005728910308",
                "8005729706236",
                "8005730447660",
                "8005730459211",
                "8005730942264",
                "8005730947811",
                "8005734158922",
                "8005734641461",
                "8005735205702",
                "8005736101367",
                "8005736890255",
                "8005736891979",
                "8005736895819",
                "8005739724829",
                "8005739714953",
                "8005740171083",
                "8005740703180",
                "8005740705374",
                "8005740690896",
                "8005741234961",
                "8005742098811",
                "8005742098438",
                "8005744796590",
                "8005744799979",
                "8005750508100",
                "8005750505969",
                "8005752212715",
                "8005754893636",
                "8005755388529",
                "8005755391694",
                "8005759515903",
                "8005761271090",
                "8005761686881",
                "8005763679825",
                "8005765521712",
                "8005765521934",
                "8005768072110",
                "8005768808629",
                "8005768808862",
                "8005768807704",
                "8005776106760",
                "8005776784686",
                "8005778981954",
                "8005780594458",
                "8005783397023",
                "8005798800612",
                "8005802139461",
                "8005803284313",
                "8005835754789",
                "8005835751721",
                "8005836588015",
                "8005836588300",
                "8005839668964",
                "8005841043228",
                "8005841040674",
                "8005844661417",
                "8005844649507",
                "8005846920479",
                "8005846922190",
                "8005847692619",
                "8005847695507",
                "8005849196367",
                "8005849190029",
                "8005852713560",
                "8005852712697",
                "8005854984760",
                "8005854981046",
                "8005856843517",
                "8005856835633",
                "8005859366038",
                "8005859360580",
                "8005861055455",
                "8005861056259",
                "8005865899518",
                "8005865889336",
                "8005870139613",
                "8005871793858",
                "8005873357059",
                "8005874252381",
                "8005874488540",
                "8005874846236",
                "8005874851064",
                "8005879410724",
                "8005880609129",
                "8005885015689",
                "8005885318430",
                "8005892763415",
                "8005893784500",
                "8005893780252",
                "8005897496720",
                "8005898775955",
                "8005898802643",
                "8005902160099",
                "8005902496067",
                "8005902712909",
                "8005902712909",
                "8005903812540",
                "8005904299620",
                "8005904829522",
                "8005905113454",
                "8005984040068",
                "8005987618685",
                "8005994932419",
                "8005996716011",
                "8006001020792",
                "8006002526143",
                "8006002530840",
                "8006003390903",
                "8006004801153",
                "8006005212021",
                "8006005218938",
                "8006005210772",
                "8006005671959",
                "8006006934484",
                "8006007287328",
                "8006007334094",
                "8006007334094",
                "8006007720975",
                "8006007811312",
                "8006007825328",
                "8006007825328",
                "8006014542064",
                "8006014540816",
                "8006017996173",
                "8006017992367",
                "8006019064104",
                "8006019062956",
                "8006020474966",
                "8006020479744",
                "8006023296990",
                "8006023293043",
                "8006025395101",
                "8006025398582",
                "8006026823372",
                "8006026815860",
                "8006027326288",
                "8006027330987",
                "8006028387671",
                "8006028381003",
                "8006028814832",
                "8006028822889",
                "8006185817539",
                "8006280029525",
                "8006280031685",
                "8006282843039",
                "8006282847328",
                "8006285134842",
                "8006285139606",
                "8006295690465",
                "8006295700311",
                "8006299079980",
                "8006299079155",
                "8006299610501",
                "8006299608619",
                "8007099216516",
                "8007134144355",
                "8007139188035",
                "8007140685503",
                "8007201274934",
                "8007458563195",
                "8007469720448",
                "8007472188321",
                "8007498493208",
                "8007552540891",
                "8007553089618",
                "8007572685157",
                "8007583673756",
                "8007701816235",
                "8008419020361",
                "8008466499853",
                "8008466769698",
                "8008466776006",
                "8008466768612",
                "8008467053775",
                "8008467054821",
                "8008467058379",
                "8008537873136",
                "8008595539290",
                "8008595816125",
                "8008597120399",
                "8008599863726",
                "8008607201778",
                "8008607202975",
                "8008868864313",
                "8008870547792",
                "8010210117744",
                "8010321232964",
                "8011360691502",
                "8011365850373",
                "8011366537137",
                "8011367278598",
                "8011367275495",
                "8011367682860",
                "8011368419568",
                "8011369007890",
                "8011369212913",
                "8011370238402",
                "8011370338970",
                "8011370943902",
                "8011371073940",
                "8011371455529",
                "8011372489011",
                "8011376727829",
                "8011376912051",
                "8011378400880",
                "8011382496126",
                "8011385205668",
                "8011397205074",
                "8011403302207",
                "8011403298495",
                "8011403306147",
                "8011584697715",
                "8011587028117",
                "8011587270150",
                "8011587266821",
                "8011587573966",
                "8011589145565",
                "8011590134503",
                "8011591002963",
                "8011591170371",
                "8011591715379",
                "8011592259829",
                "8011593423152",
                "8011595905645",
                "8011595986576",
                "8011596479992",
                "8011596606253",
                "8011600306451",
                "8011603090218",
                "8011603395707",
                "8011603982893",
                "8012415120980",
                "8012622882221",
                "8012625301154",
                "8012627023385",
                "8012627290092",
                "8012628045276",
                "8012629263703",
                "8012632698901",
                "8012633446259",
                "8012633657864",
                "8013082616235",
                "8013082616611",
                "8013266235271",
                "8013322564448",
                "8013422893314",
                "8013423603284",
                "8013423664324",
                "8013423664324",
                "8013429436929",
                "8013429431890",
                "8013429723706",
                "8013429717520",
                "8013429724963",
                "8013429936491",
                "8013430303413",
                "8013433899056",
                "8013436868953",
                "8013437923282",
                "8013438294194",
                "8013438295789",
                "8013438295487",
                "8013438773687",
                "8013440758562",
                "8013442753056",
                "8013443213104",
                "8013443606184",
                "8013443608927",
                "8013444535595",
                "8013445263531",
                "8013446985696",
                "8013446983706",
                "8013448793153",
                "8013449281148",
                "8013449282815",
                "8013450597523",
                "8013450651548",
                "8013450651548",
                "8013451237493",
                "8013452248756",
                "8013453270920",
                "8013453861780",
                "8013455150445",
                "8013455291911",
                "8013460000350",
                "8013460184674",
                "8013525769464",
                "8013525760805",
                "8013527807192",
                "8013532845189",
                "8013534534208",
                "8013534671686",
                "8013536915093",
                "8013537231769",
                "8013538592338",
                "8013538845772",
                "8013538847245",
                "8013540149115",
                "8013540149701",
                "8013540915503",
                "8013541327112",
                "8013541923386",
                "8013542697140",
                "8013543248815",
                "8013545811168",
                "8013545809123",
                "8013546532239",
                "8013546537576",
                "8013547330720",
                "8013547329856",
                "8013549510706",
                "8013549509636",
                "8013552736850",
                "8013553171301",
                "8013553166466",
                "8013553578915",
                "8013554314720",
                "8013554307489",
                "8013554311577",
                "8013554909719",
                "8013554903733",
                "8013556775253",
                "8013557325943",
                "8013558742897",
                "8013558780770",
                "8013558780770",
                "8013559662015",
                "8013560258336",
                "8013560253526",
                "8013560712871",
                "8013560705529",
                "8013560919579",
                "8013561694844",
                "8013563003143",
                "8013562999275",
                "8013563001583",
                "8013563306085",
                "8013563299172",
                "8013563305680",
                "8013564132859",
                "8013573704070",
                "8013574780056",
                "8013574774831",
                "8013575238076",
                "8013576137497",
                "8013576133708",
                "8013576136004",
                "8013576604145",
                "8013577183456",
                "8013577604233",
                "8013579603836",
                "8013580299632",
                "8013580919574",
                "8013580913909",
                "8013581411621",
                "8013581775936",
                "8013582187666",
                "8013582311778",
                "8013582306741",
                "8013582306776",
                "8013581775936",
                "8013584737851",
                "8013584736893",
                "8013585578638",
                "8013586878713",
                "8013587513188",
                "8013589730782",
                "8013590835450",
                "8013591108780",
                "8013591691879",
                "8013591961548",
                "8013596685215",
                "8013596684139",
                "8013596920056",
                "8013596917234",
                "8013597392534",
                "8013597416228",
                "8013597416228",
                "8013599923658",
                "8013600600080",
                "8013600599970",
                "8013602704541",
                "8013602708087",
                "8013602919962",
                "8013602917098",
                "8013607893354",
                "8013611290074",
                "8013611645603",
                "8013611639992",
                "8013615926246",
                "8013615917073",
                "8013615929519",
                "8013616468775",
                "8013616462688",
                "8013654386272",
                "8013655700355",
                "8013656380546",
                "8013656614917",
                "8013656616088",
                "8013656612289",
                "8013657183834",
                "8013657216149",
                "8013657216149",
                "8013658294193",
                "8013658294193",
                "8013658668680",
                "8013659633188",
                "8013662230271",
                "8013662694940",
                "8013665622029",
                "8013669230251",
                "8013670551712",
                "8013670550155",
                "8013673265998",
                "8013673268861",
                "8013674139154",
                "8013674138177",
                "8013675397352",
                "8013675393592",
                "8013678442180",
                "8013678443916",
                "8013682425037",
                "8013682791607",
                "8013682786194",
                "8013683161969",
                "8013683282027",
                "8013683319735",
                "8013683319735",
                "8013683631168",
                "8013685206798",
                "8013685726053",
                "8013685937513",
                "8013685948989",
                "8013685948989",
                "8013689160044",
                "8013690637228",
                "8013690767619",
                "8013691745119",
                "8013691747806",
                "8013692827148",
                "8013693249201",
                "8013693358752",
                "8013694071050",
                "8013696156909",
                "8013697079872",
                "8013697324437",
                "8013697819284",
                "8013698998763",
                "8013699936580",
                "8013700213834",
                "8013700483853",
                "8013703821287",
                "8013703955725",
                "8013704858817",
                "8013705946550",
                "8013707499316",
                "8013709362380",
                "8013709364793",
                "8013709364793",
                "8013709686989",
                "8013710128748",
                "8013712191180",
                "8013718987794",
                "8013718992467",
                "8013719439844",
                "8013719519407",
                "8013719529087",
                "8013719526357",
                "8013719524269",
                "8013719531801",
                "8013719532844",
                "8013719535208",
                "8013719539571",
                "8013719538844",
                "8013719539612",
                "8013723177977",
                "8013723174887",
                "8013726523559",
                "8013727423916",
                "8013727419862",
                "8013729123024",
                "8013729120471",
                "8013729952168",
                "8013729957077",
                "8013730552644",
                "8013730930690",
                "8013735622962",
                "8013735625070",
                "8013735621704",
                "8013740372530",
                "8013740373916",
                "8013741173432",
                "8013741236694",
                "8013741173432",
                "8013743022778",
                "8013743025068",
                "8013743686700",
                "8013743686700",
                "8013743788321",
                "8013745546903",
                "8013745751020",
                "8013745751692",
                "8013745751692",
                "8013747757441",
                "8013748946095",
                "8013748941937",
                "8013749562702",
                "8013749566994",
                "8013751321433",
                "8013751555363",
                "8013752750868",
                "8013753005614",
                "8013755356558",
                "8013776810155",
                "8013776810155",
                "8013777629326",
                "8013777790329",
                "8013778367099",
                "8013778920777",
                "8013779901030",
                "8013780522492",
                "8013781476678",
                "8013781544252",
                "8013781786044",
                "8013783017725",
                "8013783017725",
                "8013783435285",
                "8013788635711",
                "8013788635711",
                "8013789350373",
                "8013789553713",
                "8013837307114",
                "8013837375122",
                "8013838908181",
                "8013838990973",
                "8013841136150",
                "8013845019281",
                "8013845081331",
                "8013846027962",
                "8013846904246",
                "8013846978466",
                "8013847612344",
                "8013852046072",
                "8013881481024",
                "8013889429891",
                "8013955662171",
                "8013959857393",
                "8013960529011",
                "8013970676582",
                "8013971027826",
                "8013979239407",
                "8013979235741",
                "8013980558099",
                "8013995492553",
                "8014001962541",
                "8014004993679",
                "8014006039593",
                "8014006360216",
                "8014006607058",
                "8014006608744",
                "8014253066119",
                "8014253076641",
                "8014253074798",
                "8014260374424",
                "8014261981313",
                "8014262778919",
                "8014269784055",
                "8014298692461",
                "8014425819223",
                "8014427943899",
                "8014777394634",
                "8014780822075",
                "8014788232081",
                "8014788236467",
                "8014788236717",
                "8014791761583",
                "8014791762520",
                "8014791755772",
                "8015054281260",
                "8015054283948",
                "8015056269205",
                "8015056266541",
                "8015058826786",
                "8015058829956",
                "8015059885129",
                "8015059873133",
                "8015060568188",
                "8015063462413",
                "8015063619475",
                "8015066911680",
                "8015067547600",
                "8015067958897",
                "8015069200293",
                "8015069716105",
                "8015070051590",
                "8015072720182",
                "8015076388523",
                "8015076707231",
                "8015077932110",
                "8015078168979",
                "8015079084604",
                "8015079636381",
                "8015082657432",
                "8015083048027",
                "8015084654038",
                "8015104376284",
                "8015104671217",
                "8015105189641",
                "8015115017936",
                "8015122051532",
                "8015123023205",
                "8017547496488",
                "8017547500574",
                "8017547501174",
                "8017547819026",
                "8017547825630",
                "8017547826110",
                "8017548192845",
                "8017548188439",
                "8017548194894",
                "8017548654790",
                "8017548660386",
                "8017548660746",
                "8018008456139",
                "8018008474609",
                "8018009130872",
                "8018009124155",
                "8018009833620",
                "8018009828842",
                "8018009835969",
                "8018010058216",
                "8018010053364",
                "8018010059433",
                "8018010304372",
                "8018010308443",
                "8018010308971",
                "8018010519932",
                "8018010589319",
                "8018010834926",
                "8018012258596",
                "8018012260260",
                "8018012741965",
                "8018012953992",
                "8018014317002",
                "8018017273481",
                "8018017437928",
                "8018018105199",
                "8018018113413",
                "8018020428026",
                "8018020430882",
                "8018024327664",
                "8018026620668",
                "8018028953934",
                "8018028953934",
                "8018029366856",
                "8018030064069",
                "8018030126062",
                "8018030409615",
                "8018032245292",
                "8018032245292",
                "8018034926606",
                "8018035468560",
                "8018035935911",
                "8018037242815",
                "8018037558551",
                "8018040242783",
                "8018040550206",
                "8018040601285",
                "8018041054375",
                "8018041172692",
                "8018042096833",
                "8018043009715",
                "8018043248323",
                "8018044045701",
                "8018044413995",
                "8018044683645",
                "8018045849352",
                "8018047169077",
                "8018047583899",
                "8018048988030",
                "8018049073468",
                "8018049364225",
                "8018049684318",
                "8018049783128",
                "8018050766778",
                "8018050872556",
                "8018052630382",
                "8018052741167",
                "8018053916777",
                "8018056703897",
                "8018057068411",
                "8018059882639",
                "8018060366806",
                "8018060787217",
                "8018062279122",
                "8018062544935",
                "8018063339768",
                "8018063999217",
                "8018064010734",
                "8018064305863",
                "8018064449720",
                "8018065072694",
                "8018065328386",
                "8018069971388",
                "8018070508107",
                "8018078726200",
                "8018078735349",
                "8018078733908",
                "8018079164412",
                "8018085946770",
                "8018085939419",
                "8018087795563",
                "8018087795563",
                "8018088824766",
                "8018088824766",
                "8018089171142",
                "8018089421780",
                "8018129906066",
                "8018130277167",
                "8018130533341",
                "8018132928492",
                "8018132928492",
                "8018132967089",
                "8018132967089",
                "8018133195732",
                "8018133793462",
                "8018133925606",
                "8018134022829",
                "8018134725503",
                "8018135205217",
                "8018138920321",
                "8018139921525",
                "8018140238174",
                "8018159422463",
                "8018163378073",
                "8018163537271",
                "8018164415688",
                "8018164534260",
                "8018167124488",
                "8018167276885",
                "8018168888788",
                "8018169517733",
                "8018169755490",
                "8018169867260",
                "8018174565146",
                "8018176915119",
                "8018177245065",
                "8018177383797",
                "8018295713080",
                "8018295705616",
                "8018295871332",
                "8018295874942",
                "8018295867270",
                "8018321439801",
                "8018321442901",
                "8018321911491",
                "8018321918508",
                "8018321914995",
                "8018342327991",
                "8018344895721",
                "8018346505833",
                "8018347284616",
                "8018378926057",
                "8018383054178",
                "8018384618635",
                "8018384622760",
                "8018384625247",
                "8018385873632",
                "8018387170140",
                "8018387172556",
                "8018387697400",
                "8018388248155",
                "8018388502113",
                "8018388502113",
                "8018389204366",
                "8018389204366",
                "8018389456321",
                "8018394027292",
                "8018419369304",
                "8018419398442",
                "8018419398442",
                "8018419538466",
                "8018419538466",
                "8018450170725",
                "8018450169740",
                "8018450930510",
                "8018450934197",
                "8018451840888",
                "8018451847542",
                "8018453247610",
                "8018453238445",
                "8018468438093",
                "8018468463978"
            ]
        },
        "cf10e2aff138b496676b3a809c48658b2": {
            "B": []
        },
        "cf2e7709560429c67e9163ce9a1ef2250": {
            "B": [
                "8009364075139",
                "8009368877727",
                "8009369068667",
                "8009369747219",
                "8009388482099",
                "8009388603679",
                "8009389732225",
                "8009409815729",
                "8009410282721",
                "8009410282721",
                "8009410724404",
                "8009413884302",
                "8009480814659",
                "8009481782950",
                "8009481911672",
                "8009653065159",
                "8009963760536",
                "8009971748624",
                "8009974337498",
                "8010547584786",
                "8011395131059",
                "8011395623543",
                "8011398804253",
                "8011398804253",
                "8011400527019",
                "8011465735447",
                "8012426898642",
                "8012431074118",
                "8013990736851",
                "8014546016182",
                "8014590444766",
                "8014594889395",
                "8014600131191",
                "8014600251068",
                "8014612261861",
                "8014751482999",
                "8015203670481"
            ]
        },
        "cf418ddabdc8188597f2fb6e0c5088451": {
            "B": [
                "8005805789352",
                "8005806191924",
                "8005809042786",
                "8005809239642",
                "8006043378218",
                "8014031201739"
            ]
        },
        "cf5ebbfa5f17996859aa1705d8f36be93": {
            "B": []
        },
        "cfd0d5a76d67ccb55ca39149efc63b87f": {
            "B": []
        },
        "u4da51453a8473d250a7ac537a16ef9eb": {
            "B": [
                "8005261593629"
            ]
        },
        "u61aa26c453c9be565703f92f0ae82514": {
            "B": [
                "8005196588400",
                "8005227654748",
                "8005305154750"
            ]
        },
        "u7c1e229a8bbbf7e08ef90e938c83ddd5": {
            "B": [
                "8009334396182"
            ]
        },
        "u807a138a937091ea4c61f2c4c9555454": {
            "B": [
                "8018534616563"
            ]
        },
        "u911a53f18a83a7efed7f96474a0d1c75": {
            "B": [
                "8005089669696",
                "8012873367990",
                "8012877519329",
                "8012879038265",
                "8012897061626",
                "8012897258637",
                "8012902521012",
                "8012909524895",
                "8012909946661",
                "8013004664994",
                "8013007584189",
                "8013007767557",
                "8013015441564",
                "8013015551913"
            ]
        },
        "u9ac7c861f4147cc7fddbab96aae19e7b": {
            "B": [
                "8017793540510",
                "8017793713886",
                "8017795884753",
                "8017796016772"
            ]
        },
        "ua5c77618885741fd8feb655b205e148b": {
            "B": [
                "8008107683648",
                "8008109887707"
            ]
        },
        "uca72a90a07399774b3592ea8630cfa95": {
            "B": []
        },
        "uf19dd766cccf032eae3e60732e6e3e4e": {
            "B": [
                "8005692541613"
            ]
        }
    },
    "autoAdd": false,
    "autoCancel": [],
    "autoJoin": false,
    "autoaddpesan": "",
    "autochat": [],
    "autochats": [],
    "autoread1": false,
    "autoread2": false,
    "blacklist": [],
    "bots": [
        "u3e2ff6b5ced9738c3b44e30267923adf",
        "u5812e04ea0a549d57fbb42c9a71e0b8b",
        "ua5d0430099aca0f80a508c10abfa4ae6",
        "ub0a437d8c41b2949e1de3f884ac32e02",
        "uc01411be5c3c42dc218a435c9b87a7c8",
        "udf1cc52d2369364e4a32086c0976c9b4",
        "uf021e2fc9470a98523f3420e18e1578f",
        "uf19dd766cccf032eae3e60732e6e3e4e",
        "ud04081db2331758280d57e0169ae0700",
        "u24d2ce778ab32cf95090a15c3d9a5a0a"
    ],
    "clock": false,
    "dblacklist": false,
    "dwhitelist": false,
    "keyword": {
        "c298fd9fc2568d79be1a6a44949e6af4b": {
            "B": {},
            "F": false
        },
        "c49c382752f24f7a1e4e1e1fa50cdf7bf": {
            "B": {},
            "F": false
        },
        "c5eb4f975b5965afecd396de622b51100": {
            "B": {},
            "F": false
        },
        "ced5282d5b71cfe81d6f68e5bb3aa7455": {
            "B": {},
            "F": false
        },
        "u8cae982abc647f463d9d1baae6138d57": {
            "B": {},
            "F": false
        }
    },
    "kick": false,
    "kitsunecontact": [],
    "kitsuneprotection": [],
    "kitsuneshare": [],
    "kitsuneurl": [],
    "kitsunewelcome": {},
    "leaveRoom": false,
    "lfriend": [],
    "lurkauto": false,
    "lurkp": {},
    "lurkt": {},
    "pname": [],
    "ppict": [],
    "pro_name": {},
    "readPoint": {
        "ced5282d5b71cfe81d6f68e5bb3aa7455": "8013560258336"
    },
    "readPoints": {},
    "setTime": {
        "ced5282d5b71cfe81d6f68e5bb3aa7455": {
            "u0cb9b53e3e96bf9c3a8cd6c4b6e81450": 1527308531653,
            "u1abaf60a33748568578bcfc59a40e8a0": 1527308531683,
            "u4da51453a8473d250a7ac537a16ef9eb": 1527306997715,
            "u5812e04ea0a549d57fbb42c9a71e0b8b": 1527310254042,
            "u61aa26c453c9be565703f92f0ae82514": 1527308553428,
            "u911a53f18a83a7efed7f96474a0d1c75": 1527309005237,
            "ua1cacbd545d4ee19e7d1976f6ea797b2": 1527313266141,
            "ua5d0430099aca0f80a508c10abfa4ae6": 1527308550010,
            "ub0a437d8c41b2949e1de3f884ac32e02": 1527308531673,
            "ud04081db2331758280d57e0169ae0700": 1527304830247,
            "udf1cc52d2369364e4a32086c0976c9b4": 1527310406708,
            "uf19dd766cccf032eae3e60732e6e3e4e": 1527308532103
        }
    },
    "setTimess": [],
    "setkey": "a+",
    "spam": "Al Ganteng",
    "status": true,
    "talkban": {
        "cvp": false,
        "name": "A҉D҉I҉T҉Y҉A҉",
        "pict": "",
        "time": 1527313620.485196,
        "timer": 40,
        "video": ""
    },
    "talkblacklist": {
        "L": "Aditya~",
        "O": "/0h9hYw5RvsZkdkDkrLaG8ZEFhLaCoTIGAPHGF7cRUGMXQZbXMWXW5-JEYMbX8cPnJBCDwuIUMHbXNP",
        "S": "deac998e669079c031dc162b0946ab3e",
        "U": "Open order selfbot ~\nSpeed up to 0.004, Feature ? up to date~ and will be updated as soon as possible !!\nPrice ? Pc me mank ~ Dont Forget Remember Me",
        "tos": {
            "c098f5f1a34e58e58c1944f4f840a0b4a": {
                "expire": false,
                "flood": 2,
                "time": 1527110418.5367303
            },
            "c15636cad3e3e0d266ceaef3aaa0ae3ab": {
                "expire": false,
                "flood": 0,
                "time": 1527124551.13181
            },
            "c297819908081467d63974eae57167a22": {
                "expire": false,
                "flood": 0,
                "time": 1527124267.7789972
            },
            "c3489026702ec2159c95cadc5b0c4d9ce": {
                "expire": false,
                "flood": 0,
                "time": 1527124857.326872
            },
            "c45a34bab856468e921ab1d6d795a1058": {
                "expire": false,
                "flood": 0,
                "time": 1527121047.5767794
            },
            "c4a92636f527aa82e2aa58091c119f86e": {
                "expire": false,
                "flood": 0,
                "time": 1527125023.853439
            },
            "c57dc95fa4cb1fadce4829909461293e1": {
                "expire": false,
                "flood": 2,
                "time": 1527125048.4045756
            },
            "c69293661097e21e4659167f1ffe0fbf4": {
                "expire": false,
                "flood": 0,
                "time": 1527122730.457983
            },
            "c7e241255cb5c97cf592c15f68b0ba406": {
                "expire": false,
                "flood": 0,
                "time": 1527123727.6960297
            },
            "c87659db2ec00939445b3e137ff633a60": {
                "expire": false,
                "flood": 0,
                "time": 1526488343.0316093
            },
            "c87a3f654b884c797da026696774779a0": {
                "expire": false,
                "flood": 0,
                "time": 1527125005.4905078
            },
            "cc9b3f28194a90a44104eab0db58d22ad": {
                "expire": false,
                "flood": 0,
                "time": 1527110150.5903647
            },
            "cdbf1ddf3040e25ed4d5fc91408fe1007": {
                "expire": false,
                "flood": 0,
                "time": 1527080934.7686894
            },
            "cdc8ee3203d0d8a7a888abd366202f5d0": {
                "expire": false,
                "flood": 0,
                "time": 1527087446.7798681
            },
            "cdf4c96a2472a68a8b3a4ce4c08f5c6f2": {
                "expire": false,
                "flood": 0,
                "time": 1527123357.3946626
            },
            "cec1b187a55fe033e3780e2958540f97e": {
                "expire": false,
                "flood": 0,
                "time": 1527124789.6662626
            },
            "ced5282d5b71cfe81d6f68e5bb3aa7455": {
                "expire": true,
                "flood": 0,
                "time": 1527124890.953883
            },
            "cf10e2aff138b496676b3a809c48658b2": {
                "expire": false,
                "flood": 1,
                "time": 1527119562.2367175
            },
            "cf2e7709560429c67e9163ce9a1ef2250": {
                "expire": false,
                "flood": 1,
                "time": 1527089664.6977336
            },
            "cf418ddabdc8188597f2fb6e0c5088451": {
                "expire": false,
                "flood": 1,
                "time": 1527099792.612788
            },
            "cfd0d5a76d67ccb55ca39149efc63b87f": {
                "expire": false,
                "flood": 0,
                "time": 1527092828.8277469
            },
            "u08b85b1ebe33a07278ed445e63c73188": {
                "expire": false,
                "flood": 0,
                "time": 1527123992.6610842
            },
            "u4da51453a8473d250a7ac537a16ef9eb": {
                "expire": false,
                "flood": 0,
                "time": 1527081422.16076
            },
            "u5087e3f6af8bfe7bef691fc962045d8d": {
                "expire": false,
                "flood": 0,
                "time": 1527124353.7939718
            },
            "u61aa26c453c9be565703f92f0ae82514": {
                "expire": false,
                "flood": 0,
                "time": 1527081883.341238
            },
            "u911a53f18a83a7efed7f96474a0d1c75": {
                "expire": false,
                "flood": 2,
                "time": 1527080420.174991
            },
            "uc77afddee76b57ccc02988ba54241b1d": {
                "expire": false,
                "flood": 0,
                "time": 1527086547.3017719
            },
            "ueda5c39c1ac0dd340ad7eb09abcb9bd1": {
                "expire": false,
                "flood": 0,
                "time": 1527080707.6247056
            },
            "uf19dd766cccf032eae3e60732e6e3e4e": {
                "expire": false,
                "flood": 0,
                "time": 1527086086.4293313
            },
            "uf988b592090122fd0000bd5518fde999": {
                "expire": false,
                "flood": 3,
                "time": 1527079562.370449
            }
        }
    },
    "talkdblacklist": false,
    "talkwblacklist": false,
    "target": [],
    "tdblacklist": false,
    "timeline": [
        "❦ℋΞΩδΓ웃❦▂ ▃ ▄ ▅ ▆ 🎭",
        "▒▒▒▒▒▒▒▒▒▒0%",
        "▓▒▒▒▒▒▒▒▒▒10%",
        "▓▓▒▒▒▒▒▒▒▒20%",
        "▓▓▓▒▒▒▒▒▒▒30%",
        "▓▓▓▓▒▒▒▒▒▒40%",
        "▓▓▓▓▓▒▒▒▒▒50%",
        "▓▓▓▓▓▓▒▒▒▒60%",
        "▓▓▓▓▓▓▓▒▒▒70%",
        "▓▓▓▓▓▓▓▓▒▒80%",
        "▓▓▓▓▓▓▓▓▓▒90%",
        "▓▓▓▓▓▓▓▓▓▓100%",
        "(x) De’Naees"
    ],
    "tos": {
        "c098f5f1a34e58e58c1944f4f840a0b4a": {
            "setset": true
        },
        "c15636cad3e3e0d266ceaef3aaa0ae3ab": {},
        "c297819908081467d63974eae57167a22": {},
        "c3489026702ec2159c95cadc5b0c4d9ce": {
            "setset": true
        },
        "c45a34bab856468e921ab1d6d795a1058": {},
        "c4a92636f527aa82e2aa58091c119f86e": {},
        "c57dc95fa4cb1fadce4829909461293e1": {},
        "c60f73091d2823a891d49608f9c5defd1": {},
        "c69293661097e21e4659167f1ffe0fbf4": {},
        "c6baa8be1a7815faf307d9b5727dde24b": {},
        "c7e241255cb5c97cf592c15f68b0ba406": {},
        "c87a3f654b884c797da026696774779a0": {},
        "c92a2970dd80af63190a79003d14b4e7c": {},
        "cc9b3f28194a90a44104eab0db58d22ad": {},
        "cdbf1ddf3040e25ed4d5fc91408fe1007": {},
        "cdc8ee3203d0d8a7a888abd366202f5d0": {},
        "cdf4c96a2472a68a8b3a4ce4c08f5c6f2": {},
        "cec1b187a55fe033e3780e2958540f97e": {},
        "ced5282d5b71cfe81d6f68e5bb3aa7455": {},
        "cf10e2aff138b496676b3a809c48658b2": {},
        "cf2e7709560429c67e9163ce9a1ef2250": {},
        "cf418ddabdc8188597f2fb6e0c5088451": {},
        "cf5ebbfa5f17996859aa1705d8f36be93": {},
        "cfd0d5a76d67ccb55ca39149efc63b87f": {},
        "u08b85b1ebe33a07278ed445e63c73188": {},
        "u0fb6dc5aa425fa894316a536bb1b0703": {
            "setset": false
        },
        "u1e27b30eec033454a76b309cb556d7e3": {},
        "u1f33f8f782779dec2a6f77be76cc768b": {},
        "u319ddfdbc63d404482b39cf9a6f6ee2e": {
            "setset": false
        },
        "u3bdb57d832e83523c1b7fd9642967eb1": {},
        "u3d8788b7218da518b64fe382e08e810b": {},
        "u49dc3036e72e37915ec46e0c5d68767f": {},
        "u5087e3f6af8bfe7bef691fc962045d8d": {},
        "u51a5fbf91a1560ae6ac5192f880b9e4a": {
            "setset": false
        },
        "u563001486b340e7326e22adfd72829aa": {
            "setset": false
        },
        "u6351dd158f178fcf3085ec85d2845974": {
            "setset": false
        },
        "u6f8ec9408fd244ccda67933816c967ac": {
            "setset": false
        },
        "u72e0842afab6319d4eafeb4ecb383fc8": {
            "setset": false
        },
        "u72e35a4dc899c7a8457b830f8f867f95": {
            "setset": false
        },
        "u77234f7fce62f0d451f1c43ead976499": {},
        "u7a5e5bd17d91ef73a048aa6d577365d5": {
            "setset": false
        },
        "u807a138a937091ea4c61f2c4c9555454": {},
        "u82919cbab6be321c82a299a34ceaf121": {},
        "u88c2d3c01032bcbe0dba1da7cda38772": {
            "setset": false
        },
        "u8afbc957ae98cd3460b06b47ba122fb8": {},
        "u911a53f18a83a7efed7f96474a0d1c75": {},
        "u9ac7c861f4147cc7fddbab96aae19e7b": {},
        "ua1d72b4fc1f9334c95b3370032d007e7": {
            "setset": false
        },
        "ua5c77618885741fd8feb655b205e148b": {
            "setset": false
        },
        "uaf57a04b8abca47760eb49da8db18d14": {},
        "ubc8fe8dd927a358425505485a9ce2555": {
            "setset": false
        },
        "uc77afddee76b57ccc02988ba54241b1d": {
            "setset": false
        },
        "ue90409dba3b67a7f9748a1ced1b8eb2e": {},
        "ueb1503f99f8049648ea2c59a06fdbf8f": {},
        "ueda5c39c1ac0dd340ad7eb09abcb9bd1": {
            "setset": false
        },
        "ueefdaf8d790185c5dbd74edea41747cf": {},
        "uf1ecec4f991efbe0a91fc853e783c58f": {
            "setset": false
        },
        "uf3facf29810a008d13b5480a11d65bef": {
            "setset": false
        }
    },
    "twblacklist": false,
    "wblacklist": false,
    "word": "ErUFmrnv4b0MN68PBMK6.PDbdajMSOpGkuiWqQ+Pk5G.CcSuIE69XO/7bY6tw9s8qpG98Dd1u0m3utsznfoqaL8=",
    "wwhitelist": false
}