{
    "Addimage": false,
    "Addsticker": false,
    "Anime": false,
    "ChangeCover": false,
    "ChangeDP": false,
    "ChangeGDP": false,
    "GN": "",
    "GROUP": {
        "AM": {
            "AP": {}
        },
        "AR": {
            "AP": [
                "c82b5ec298a6b4fd09085704e55b3aeab"
            ],
            "P": {
                "c82b5ec298a6b4fd09085704e55b3aeab": "\n[Auto reply]\nSaia lg off tq ._.",
                "cd6e05333bd33aedd3f6ae04fe2c7c5b0": "\n[Auto reply]\nSaia lg off tq ._.",
                "ced5282d5b71cfe81d6f68e5bb3aa7455": "Huy"
            },
            "S": {}
        },
        "LM": {
            "AP": [],
            "P": {},
            "S": {
                "ced5282d5b71cfe81d6f68e5bb3aa7455": {
                    "AP": false,
                    "Sticker": {
                        "STKID": "291537",
                        "STKPKGID": "1005662",
                        "STKTXT": "[Sticker]",
                        "STKVER": "1"
                    }
                }
            }
        },
        "WM": {
            "AP": [],
            "P": {
                "ced5282d5b71cfe81d6f68e5bb3aa7455": ""
            },
            "S": {}
        }
    },
    "Images": {
        "lol": "dataSeen/lol.jpg",
        "yami": "dataSeen/yami.jpg"
    },
    "Img": {},
    "Members": 10,
    "MessageCount": true,
    "ROM": {
        "c1961138f02156d062fe9c5c9348cb5bb": {
            "u20377b4500a8f852f3fe1b2ac1af99ee": {
                "msg.id": [
                    "7997121782021"
                ],
                "waktu": [
                    1526957281874
                ]
            },
            "ub1a46f4da0210102def533ba2591dd1d": {
                "msg.id": [
                    "7983843849065"
                ],
                "waktu": [
                    1526731530594
                ]
            }
        },
        "c22dd28eddafbde5a05642123c476ce29": {
            "u36ba11c755c33c7ae53406b655f8d354": {
                "msg.id": [
                    "7985797082017",
                    "7985797346149",
                    "7992485721406",
                    "7995415647696",
                    "7995415651510",
                    "7995415655337",
                    "7995415647697",
                    "7995415660761",
                    "7995415659240",
                    "7995415655342",
                    "7995415662263",
                    "7995415668070",
                    "7995415671084",
                    "7995415671086",
                    "8002099897049"
                ],
                "waktu": [
                    1526766781351,
                    1526766788613,
                    1526881317187,
                    1526918187992,
                    1526918188050,
                    1526918188070,
                    1526918188111,
                    1526918188162,
                    1526918188225,
                    1526918188244,
                    1526918188270,
                    1526918188333,
                    1526918188360,
                    1526918188383,
                    1527037863156
                ]
            },
            "u568d64c233c6c20b5024fc2e8c2114d8": {
                "msg.id": [
                    "7983589945578",
                    "7983592869697",
                    "7983598713423",
                    "7999869748023"
                ],
                "waktu": [
                    1526728268645,
                    1526728307381,
                    1526728384825,
                    1526994407310
                ]
            },
            "u65872d7ae8a556f3fdd3595f8c83e82a": {
                "msg.id": [
                    "8013430555698",
                    "8015439603999"
                ],
                "waktu": [
                    1527223024625,
                    1527250410060
                ]
            },
            "u998a2d577716aa4f9f8ac1dbb2d929bf": {
                "msg.id": [
                    "7978796202139",
                    "7983586982886",
                    "7983588834045",
                    "7984470236630",
                    "7984685590623",
                    "7984685969463",
                    "7995320533939",
                    "7995324546199",
                    "7995330527864",
                    "7995334040255",
                    "7995415658853",
                    "7995415658856",
                    "7995415663581",
                    "7995415655341",
                    "7995415655343",
                    "7995415668069",
                    "7995415669967",
                    "7995415677213",
                    "7997752975126",
                    "7999221674034",
                    "7999833198617",
                    "7999833198618",
                    "7999833211694",
                    "7999833211695",
                    "8000367776031",
                    "8001923038725",
                    "8013333257663",
                    "8013333854770"
                ],
                "waktu": [
                    1526646821532,
                    1526728229228,
                    1526728253919,
                    1526738885719,
                    1526741447608,
                    1526741452346,
                    1526916671614,
                    1526916731160,
                    1526916820514,
                    1526916873419,
                    1526918188128,
                    1526918188173,
                    1526918188211,
                    1526918188242,
                    1526918188265,
                    1526918188291,
                    1526918188419,
                    1526918188445,
                    1526966599256,
                    1526987129443,
                    1526994015060,
                    1526994015088,
                    1526994015130,
                    1526994015162,
                    1526999714812,
                    1527034561832,
                    1527221557159,
                    1527221565966
                ]
            },
            "ua5d0430099aca0f80a508c10abfa4ae6": {
                "msg.id": [
                    "7983590230196",
                    "7984676691370"
                ],
                "waktu": [
                    1526728272354,
                    1526741337431
                ]
            },
            "ua9cecaa67999cdf16f5fd2fa90216833": {
                "msg.id": [
                    "7988919666146"
                ],
                "waktu": [
                    1526817978124
                ]
            },
            "uee091103015a50a094ba2a174a5ef0ad": {
                "msg.id": [
                    "7985797080866",
                    "7985797345346"
                ],
                "waktu": [
                    1526766781344,
                    1526766788594
                ]
            },
            "uf19dd766cccf032eae3e60732e6e3e4e": {
                "msg.id": [
                    "7978827085387"
                ],
                "waktu": [
                    1526647165009
                ]
            }
        },
        "c4b0114bb5f98a956dc030a4d2a004fbb": {
            "u6d7be2bc4eb850c66e5d5697abcda868": {
                "msg.id": [
                    "7993951828726",
                    "7993979061177",
                    "7993984666330",
                    "7994026705491"
                ],
                "waktu": [
                    1526901285715,
                    1526901609983,
                    1526901676576,
                    1526902169044
                ]
            },
            "u911a53f18a83a7efed7f96474a0d1c75": {
                "msg.id": [
                    "7991446663367",
                    "7997538873095",
                    "7999942447435",
                    "7999972969086"
                ],
                "waktu": [
                    1526865377925,
                    1526963284159,
                    1526995177267,
                    1526995500083
                ]
            },
            "u9e4fbbf67522472d164a25381abb5588": {
                "msg.id": [
                    "7999842408680",
                    "7999872448122",
                    "7999878075773"
                ],
                "waktu": [
                    1526994112985,
                    1526994436442,
                    1526994496943
                ]
            },
            "ud4e74aa28acadfa229ac4ec7fd548552": {
                "msg.id": [
                    "7993923554584"
                ],
                "waktu": [
                    1526900946109
                ]
            },
            "ud934424f0a7f38016af01e9babfb4790": {
                "msg.id": [
                    "8008540148647"
                ],
                "waktu": [
                    1527141746690
                ]
            }
        },
        "c4fd67e472bcffab3627e82a1cec76400": {
            "u0dabbce6b8d3c09fb1bb17f7f1d2c59d": {
                "msg.id": [
                    "7984926324819"
                ],
                "waktu": [
                    1526744715953
                ]
            }
        },
        "c631ef328094302c595bf11e77e1115b7": {
            "u7b61ebd4f200118d22fd2f75b103c029": {
                "msg.id": [
                    "7996657768932",
                    "7996681263219"
                ],
                "waktu": [
                    1526949231354,
                    1526949677938
                ]
            },
            "ua4638bb621837fa9c6a7f2227c8a7ab7": {
                "msg.id": [
                    "7983634046932",
                    "7991841073008"
                ],
                "waktu": [
                    1526728857011,
                    1526871897041
                ]
            },
            "uc423eceaa81461f6c7bd634def933ae9": {
                "msg.id": [
                    "7996373247871"
                ],
                "waktu": [
                    1526943601395
                ]
            }
        },
        "c82b5ec298a6b4fd09085704e55b3aeab": {
            "u2d5594970559780c2e1837b76a09f01d": {
                "msg.id": [
                    "7983971426078",
                    "7983974340084",
                    "7983986573016",
                    "7990171868515"
                ],
                "waktu": [
                    1526733096651,
                    1526733131675,
                    1526733277454,
                    1526833704932
                ]
            }
        },
        "cd6e05333bd33aedd3f6ae04fe2c7c5b0": {
            "u105e2ad5f73eb6c9bc7c5f871d82419d": {
                "msg.id": [
                    "7984812323298"
                ],
                "waktu": [
                    1526743075174
                ]
            },
            "u2d5594970559780c2e1837b76a09f01d": {
                "msg.id": [
                    "7983995541338",
                    "7984001072158"
                ],
                "waktu": [
                    1526733385299,
                    1526733452921
                ]
            },
            "u38b3af385d8ca2566e4f47bf68d07acf": {
                "msg.id": [
                    "7982349517777",
                    "7982349934862",
                    "8000727626195"
                ],
                "waktu": [
                    1526710124622,
                    1526710131196,
                    1527004579739
                ]
            },
            "u46e8e4f2e449b16f2e06cfd860219218": {
                "msg.id": [
                    "8018588884619"
                ],
                "waktu": [
                    1527310435375
                ]
            },
            "u6af637cf40f2df9e7461656128d79c44": {
                "msg.id": [
                    "7983953334858",
                    "7983982028143",
                    "7983991530938",
                    "7983995937966",
                    "7984018697021"
                ],
                "waktu": [
                    1526732875407,
                    1526733223103,
                    1526733336875,
                    1526733390096,
                    1526733665428
                ]
            },
            "ucd63421ebc1103854f194d837fc73cb5": {
                "msg.id": [
                    "7982286890852",
                    "7984066860878",
                    "8000384807070"
                ],
                "waktu": [
                    1526709148416,
                    1526734235706,
                    1526999909015
                ]
            }
        },
        "ced5282d5b71cfe81d6f68e5bb3aa7455": {
            "u0cb9b53e3e96bf9c3a8cd6c4b6e81450": {
                "msg.id": [
                    "8014057862706"
                ],
                "waktu": [
                    1527233013519
                ]
            },
            "u1dda062883391e9c87360ab96cd52285": {
                "msg.id": [
                    "8007499398851",
                    "8008874490469",
                    "8011055426079",
                    "8017349775590"
                ],
                "waktu": [
                    1527125604953,
                    1527147038389,
                    1527173169259,
                    1527286861918
                ]
            },
            "u4da51453a8473d250a7ac537a16ef9eb": {
                "msg.id": [
                    "8013885131530"
                ],
                "waktu": [
                    1527230310315
                ]
            },
            "u8e039acfbb0166ac40cf9106ea5eac6c": {
                "msg.id": [
                    "8010206614711",
                    "8011408442710"
                ],
                "waktu": [
                    1527164142902,
                    1527178330554
                ]
            },
            "u911a53f18a83a7efed7f96474a0d1c75": {
                "msg.id": [
                    "8005149133715",
                    "8007621521149",
                    "8008398641202",
                    "8008414693246",
                    "8008414924339",
                    "8011140287202",
                    "8011381223354",
                    "8013891913201",
                    "8013892777866",
                    "8013989767236",
                    "8015170658379",
                    "8016125647393",
                    "8017165851242",
                    "8017176431425"
                ],
                "waktu": [
                    1527080235366,
                    1527127683564,
                    1527139466968,
                    1527139727222,
                    1527139731193,
                    1527174203315,
                    1527177821927,
                    1527230417604,
                    1527230431243,
                    1527231968631,
                    1527247338622,
                    1527257764057,
                    1527280867576,
                    1527281260911
                ]
            },
            "ub0a437d8c41b2949e1de3f884ac32e02": {
                "msg.id": [
                    "8013885135954"
                ],
                "waktu": [
                    1527230310317
                ]
            },
            "uca72a90a07399774b3592ea8630cfa95": {
                "msg.id": [
                    "8005086090951",
                    "8005086081234",
                    "8005090768825",
                    "8005152097927"
                ],
                "waktu": [
                    1527079562408,
                    1527079562440,
                    1527079613602,
                    1527080266506
                ]
            },
            "udf1cc52d2369364e4a32086c0976c9b4": {
                "msg.id": [
                    "8013445130232"
                ],
                "waktu": [
                    1527223251131
                ]
            },
            "uf19dd766cccf032eae3e60732e6e3e4e": {
                "msg.id": [
                    "8007621807020",
                    "8008601731714"
                ],
                "waktu": [
                    1527127688292,
                    1527142718344
                ]
            }
        },
        "cf10e2aff138b496676b3a809c48658b2": {
            "uca72a90a07399774b3592ea8630cfa95": {
                "msg.id": [
                    "7981335106627",
                    "7982068144264",
                    "7982071404757"
                ],
                "waktu": [
                    1526694354761,
                    1526705745169,
                    1526705794729
                ]
            },
            "ud0abf5c299a585ce76bfe120df3ea092": {
                "msg.id": [
                    "7980889966903"
                ],
                "waktu": [
                    1526685763010
                ]
            },
            "ue1ae794cb93bba833c576deda1154d15": {
                "msg.id": [
                    "7978839135341",
                    "7978959614565",
                    "7979050963580",
                    "7982022282787",
                    "7982025726664",
                    "7982025738926",
                    "7982068508356"
                ],
                "waktu": [
                    1526647298391,
                    1526648610023,
                    1526649588464,
                    1526705049727,
                    1526705101905,
                    1526705102048,
                    1526705750644
                ]
            }
        },
        "u65872d7ae8a556f3fdd3595f8c83e82a": {
            "u65872d7ae8a556f3fdd3595f8c83e82a": {
                "msg.id": [
                    "8008653495894"
                ],
                "waktu": [
                    1527143542901
                ]
            }
        }
    },
    "ROM1": {
        "cd6e05333bd33aedd3f6ae04fe2c7c5b0": {
            "u04bc678bd1b8bb55254235e58e1bb60b": "u04bc678bd1b8bb55254235e58e1bb60b",
            "u105e2ad5f73eb6c9bc7c5f871d82419d": "u105e2ad5f73eb6c9bc7c5f871d82419d",
            "u361ccf999f2e7246b7c33fc496c88094": "u361ccf999f2e7246b7c33fc496c88094",
            "u38b3af385d8ca2566e4f47bf68d07acf": "u38b3af385d8ca2566e4f47bf68d07acf",
            "u3fefc1436f70e7e1005a79a6c563f7e1": "u3fefc1436f70e7e1005a79a6c563f7e1",
            "u46e8e4f2e449b16f2e06cfd860219218": "u46e8e4f2e449b16f2e06cfd860219218",
            "u6af637cf40f2df9e7461656128d79c44": "u6af637cf40f2df9e7461656128d79c44",
            "u79e5cde473410c89a9bdd4bcd4f8f255": "u79e5cde473410c89a9bdd4bcd4f8f255",
            "u7d2a1889127540c4a21c6a5d57e05bac": "u7d2a1889127540c4a21c6a5d57e05bac",
            "u8d0f5822e387b8ea9bd6dd16a0f8e2a7": "u8d0f5822e387b8ea9bd6dd16a0f8e2a7",
            "ua7e992785fd435794a5f76857c482d35": "ua7e992785fd435794a5f76857c482d35",
            "ub27f5d1d188eb6c5d6a67e579a180bd7": "ub27f5d1d188eb6c5d6a67e579a180bd7",
            "uc9f0ac44bd3155cca387f12d45ee377f": "uc9f0ac44bd3155cca387f12d45ee377f",
            "ucd63421ebc1103854f194d837fc73cb5": "ucd63421ebc1103854f194d837fc73cb5",
            "ud5c3774cd2175e4339d731293e987a10": "ud5c3774cd2175e4339d731293e987a10"
        },
        "ced5282d5b71cfe81d6f68e5bb3aa7455": {}
    },
    "Sticker": {
        ":v": {
            "STKID": "32808587",
            "STKPKGID": "3128472",
            "STKTXT": "[Sticker]",
            "STKVER": "1"
        },
        "hmm": {
            "STKID": "291528",
            "STKPKGID": "1005662",
            "STKTXT": "[Sticker]",
            "STKVER": "1"
        }
    },
    "Unsend": {
        "c1961138f02156d062fe9c5c9348cb5bb": {
            "B": [
                "7978483054023",
                "7978508954694",
                "7983838415123",
                "7983853865884",
                "7983899896270",
                "7984721774655",
                "7988157832954",
                "7996650198841",
                "7996946416996",
                "7996967074303",
                "7996969786012",
                "7997104059368",
                "7997112611663",
                "7997113016215",
                "7997124558185",
                "7997128937935",
                "7997129245880",
                "7997129447871",
                "7997132766698",
                "7997133011271",
                "7997134063134",
                "7997134217282",
                "7997726171799",
                "7997871974479",
                "7997871974479",
                "8016150936926"
            ]
        },
        "c22dd28eddafbde5a05642123c476ce29": {
            "B": [
                "7976183785023",
                "7976184057672",
                "7978233773388",
                "7978774779204",
                "7978797469711",
                "7978799865984",
                "7978800116364",
                "7978803489536",
                "7978803670231",
                "7978806469892",
                "7978806626137",
                "7978807442985",
                "7978811623021",
                "7978811623021",
                "7978811914569",
                "7978812118296",
                "7978911208223",
                "7979899273064",
                "7983589620924",
                "7983591338459",
                "7983591683300",
                "7983591803599",
                "7983596238122",
                "7983597499298",
                "7983598443484",
                "7983601904018",
                "7983605923717",
                "7984255343832",
                "7984675608366",
                "7984687168888",
                "7985796565790",
                "7985796566774",
                "7985796776018",
                "7986235112349",
                "7987955611472",
                "7988213910473",
                "7988217949571",
                "7988907115522",
                "7988916057971",
                "7988916469503",
                "7988918649460",
                "7988922418887",
                "7988922418887",
                "8001809781995",
                "8001809823497",
                "8001810193707",
                "8001898846406",
                "8001898846406",
                "8001902033420",
                "8001923777332",
                "8002044126085",
                "8002044126085",
                "8002052112689",
                "8002099508503",
                "8002100364147",
                "8002100498208",
                "8002884302929",
                "8003370301615",
                "8003372060377",
                "8004426073935",
                "8004428505965",
                "8004845054135",
                "8004878385695",
                "8004879301197",
                "8004888469753",
                "8005097242147",
                "8005097430777",
                "8006072322959",
                "8007717191746",
                "8007717841630",
                "8008215314245",
                "8008534102243",
                "8008534532211",
                "8008534689193",
                "8008534810923",
                "8008624995275",
                "8008625210523",
                "8009057124979",
                "8013335390050",
                "8013335682127",
                "8013354878929",
                "8015210845266",
                "8015211430792",
                "8015219686266",
                "8015219860577",
                "8015223244992",
                "8015437412247",
                "8015438315116",
                "8015438303168",
                "8015441769573",
                "8015442052362",
                "8015503161907",
                "8015504327659",
                "8016666453334",
                "8016666567829",
                "8016709822044",
                "8018428097970"
            ]
        },
        "c4b0114bb5f98a956dc030a4d2a004fbb": {
            "B": [
                "7976186799559",
                "7978788845917",
                "7979919947339",
                "7981390758258",
                "7984912023553",
                "7984912023553",
                "7984924544979",
                "7984924544979",
                "7984925047525",
                "7984929748959",
                "7984931494343",
                "7984931954129",
                "7984938903582",
                "7984940402026",
                "7984940616080",
                "7984942850382",
                "7984943261440",
                "7984945275927",
                "7988899175316",
                "7988901009056",
                "7988911266545",
                "7988912149456",
                "7988912405526",
                "7988913445553",
                "7988913958177",
                "7991442321267",
                "7991442318457",
                "7991444784103",
                "7991445723507",
                "7991446410535",
                "7991447326781",
                "7991447458036",
                "7991447659328",
                "7991448190839",
                "7991448193086",
                "7991448554904",
                "7991448931286",
                "7991449176782",
                "7991449323430",
                "7991449323430",
                "7991450215816",
                "7991450624170",
                "7991450866847",
                "7991457246415",
                "7991457362264",
                "7991457973902",
                "7991458098610",
                "7991458354126",
                "7991458354128",
                "7991458363277",
                "7991458363279",
                "7991458367728",
                "7991458369411",
                "7991458369926",
                "7991458369882",
                "7991458370664",
                "7991458383824",
                "7991458389389",
                "7991458386275",
                "7991459384415",
                "7991460424170",
                "7991460424170",
                "7991460828250",
                "7991460937653",
                "7991467741012",
                "7991467847472",
                "7991468020964",
                "7991469108684",
                "7991469349675",
                "7991469479167",
                "7991470543917",
                "7991470599383",
                "7991470692859",
                "7991471748942",
                "7991471857833",
                "7991472718450",
                "7991473117650",
                "7991473328045",
                "7991474283883",
                "7992684866829",
                "7992836083321",
                "7992848384443",
                "7992852652615",
                "7992853468648",
                "7992853881021",
                "7992856123187",
                "7993492282943",
                "7993503380780",
                "7993523260137",
                "7993524746723",
                "7993524997137",
                "7993916489896",
                "7993916493774",
                "7993916503396",
                "7993916503396",
                "7993965954406",
                "7993966226322",
                "7993966603115",
                "7993973855223",
                "7994000675211",
                "7994000900305",
                "7994002627795",
                "7994269510371",
                "7994269510371",
                "7994270824405",
                "7994279440656",
                "7994279828159",
                "7994300283246",
                "7994300909934",
                "7994968619006",
                "7995969415346",
                "7995969415347",
                "7995969415347",
                "7995969457718",
                "7996279833627",
                "7996279826728",
                "7996279834573",
                "7996279834573",
                "7997539513805",
                "7998356874548",
                "7998356881154",
                "7998356881277",
                "7998356881277",
                "8004836329961",
                "8004836981341",
                "8004846484826",
                "8004847292486",
                "8004847961175",
                "8005082500155",
                "8005083067543",
                "8005638119392",
                "8005638120943",
                "8005638149457",
                "8005638149457",
                "8006788635837",
                "8006788636306",
                "8006788655540",
                "8006788655540",
                "8007450059866",
                "8007452061609",
                "8007452061609",
                "8007452582453",
                "8007452582453",
                "8007452834538",
                "8007453026804",
                "8007998505355",
                "8008354054910",
                "8008354060201",
                "8008354066198",
                "8008354064268",
                "8008354072279",
                "8008354064555",
                "8008354067315",
                "8008354065434",
                "8008354075055",
                "8008354075056",
                "8008354442352",
                "8008355298152",
                "8008355435446",
                "8008356921206",
                "8008357159393",
                "8008357311850",
                "8008528185630",
                "8008528755245",
                "8008529438608",
                "8008539329029",
                "8008539491083",
                "8008539570304",
                "8008539745105",
                "8008539859346",
                "8010196928977",
                "8010196928977",
                "8010197033995",
                "8010197033995",
                "8012081869794",
                "8012086189465",
                "8013141152749",
                "8015157027107",
                "8015159895471",
                "8015160189797",
                "8015167543126",
                "8015167530536",
                "8015167532861",
                "8016805565483",
                "8016805674008",
                "8016805674008",
                "8016805692668",
                "8016805692668",
                "8016805706146",
                "8016805706146",
                "8016805724698",
                "8016805724698",
                "8016805741200",
                "8016805741200",
                "8016805764140",
                "8016805851771",
                "8016805977668",
                "8016805977668",
                "8016805995466",
                "8016805995466",
                "8016806018900",
                "8016806018900",
                "8016806037253",
                "8016806037253",
                "8016806052586",
                "8016806052586",
                "8016806059475",
                "8017404710074",
                "8017404710074",
                "8018427003405",
                "8018723125885"
            ]
        },
        "c4fd67e472bcffab3627e82a1cec76400": {
            "B": [
                "7983932083605",
                "7984918611658",
                "7986237385724",
                "7991440237472",
                "7991440236483",
                "8015232700046",
                "8015235968821",
                "8015236141222",
                "8017311467712",
                "8017311597846",
                "8017404392074",
                "8017404392074"
            ]
        },
        "c631ef328094302c595bf11e77e1115b7": {
            "B": [
                "7983812744778",
                "7983884700505",
                "7983885119683",
                "7986236100426",
                "7988607021494",
                "7995816699831",
                "7995817727909",
                "7996490389413",
                "7996500287956",
                "7996501773853",
                "7996502442026",
                "7996654483073",
                "7996654484279",
                "7996654746550",
                "7996654737831",
                "7996655222903",
                "7996655622719",
                "7996661538784",
                "7996661969545",
                "7996662096483",
                "7996662255172",
                "7996662260880",
                "7996686374579",
                "7997714951816",
                "7997717666001",
                "7997717869298",
                "7997718017445",
                "7997725799905",
                "7997808416556",
                "7997808629967",
                "7999227931451",
                "8001208074486",
                "8001209212555",
                "8001484254349"
            ]
        },
        "c679230ab2c0e1f9085cc6e44137672af": {
            "B": [
                "7993462398533",
                "7993462398533",
                "7993464975977",
                "7993464975977",
                "7993465743982",
                "7993465743982",
                "7993469414039",
                "7993469414039",
                "7993469587812",
                "7993469587812",
                "7993469932439",
                "7993469932439",
                "7993472004528",
                "7993472004528",
                "7993476696652",
                "7993476696652",
                "8015953349155",
                "8015953349155",
                "8015954753635",
                "8015954753635",
                "8015956080417",
                "8015956080417",
                "8015958289830",
                "8015958289830",
                "8015960749106",
                "8015960749106",
                "8015963653830",
                "8015963653830",
                "8015964227574",
                "8015964227574",
                "8015964292341",
                "8015964292341",
                "8015964408883",
                "8015964408883",
                "8015964493568",
                "8015964493568",
                "8015964776419",
                "8015964776419",
                "8015965236737",
                "8015965236737",
                "8015965320391",
                "8015965320391",
                "8015966665225",
                "8015966665225",
                "8015967038364",
                "8015967038364",
                "8015969361693",
                "8015969361693",
                "8015969884291",
                "8015969884291",
                "8015970528680",
                "8015970528680",
                "8016088475470",
                "8016088475470",
                "8016088857885",
                "8016088857885",
                "8016089525276",
                "8016089525276",
                "8016089865853",
                "8016089865853",
                "8016091412622",
                "8016091412622",
                "8016091827601",
                "8016091827601",
                "8016091990454",
                "8016091990454",
                "8016092135516",
                "8016092135516",
                "8016092280326",
                "8016092280326",
                "8016092353165",
                "8016092353165",
                "8016095108739",
                "8016095108739",
                "8016095429781",
                "8016095429781",
                "8016096717251",
                "8016109761678",
                "8016109761678",
                "8016111537707",
                "8016111537707",
                "8016115104314",
                "8016115104314",
                "8016123643334",
                "8016123643334"
            ]
        },
        "c82b5ec298a6b4fd09085704e55b3aeab": {
            "B": [
                "7975759116931",
                "7975759116931",
                "7975761303790",
                "7975761296923",
                "7975766239254",
                "7975766244588",
                "7975770898308",
                "7975770930694",
                "7975770898308",
                "7975782910158",
                "7975782917789",
                "7976187446917",
                "7976187452002",
                "7976187458554",
                "7977740327125",
                "7977740327125",
                "7977740970975",
                "7977740970975",
                "7978480306697",
                "7978804914077",
                "7978804918534",
                "7978805285382",
                "7978805277766",
                "7978943207059",
                "7978943207059",
                "7981192760397",
                "7981192761780",
                "7981192768223",
                "7982215403812",
                "7982215403812",
                "7983572204776",
                "7983572200483",
                "7983572200317",
                "7983589173230",
                "7983589179061",
                "7983589179840",
                "7983596630673",
                "7983596625025",
                "7983938989286",
                "7983938981707",
                "7983939522347",
                "7983939520278",
                "7983941607089",
                "7983941597192",
                "7983941612102",
                "7983963386140",
                "7983963389174",
                "7983964444109",
                "7983964446390",
                "7983967909689",
                "7983967921059",
                "7983968973057",
                "7983968963651",
                "7983971432165",
                "7983973591651",
                "7983973591638",
                "7983974345165",
                "7983986578313",
                "7984026797504",
                "7984480067979",
                "7984480064530",
                "7984480315237",
                "7984480300181",
                "7984552684584",
                "7984552684584",
                "7984680855991",
                "7984680855991",
                "7984682121527",
                "7984682114268",
                "7984682727919",
                "7984682727919",
                "7984683619465",
                "7984684125160",
                "7984684125160",
                "7984684136808",
                "7984685467153",
                "7984927997415",
                "7985059529476",
                "7985059529476",
                "7986255065465",
                "7986255070671",
                "7986255071260",
                "7988226811521",
                "7988226809221",
                "7988227022750",
                "7988227024251",
                "7988227029862",
                "7990171867149",
                "7990172406758",
                "7990172412193",
                "7990172404427",
                "7990450257354",
                "7990450290549",
                "7990450290260",
                "7990450291463",
                "7991430164620",
                "7991430166279",
                "7991430160272",
                "7991431711227",
                "7991431879707",
                "7991431876076",
                "7991432109975",
                "7991432119156",
                "7991432111506",
                "7993503966529",
                "7993504118949",
                "7993504119457",
                "7993504567731",
                "7993504560669",
                "7993513957003",
                "7993513959125",
                "7993519176910",
                "7993519176910",
                "7993526584891",
                "7993526756482",
                "7993526766856",
                "7993526932016",
                "7993526937231",
                "7993526929310",
                "7993527827992",
                "7993527822884",
                "7993528310200",
                "7993528310200",
                "7993528764675",
                "7993528762004",
                "7993529165976",
                "7993529171521",
                "7993532231195",
                "7993533347928",
                "7993533350648",
                "7995283466026",
                "7995283466026",
                "7995413763102",
                "7995413773702",
                "8001905464400",
                "8001909465766",
                "8001909625629",
                "8001909814836",
                "8001911802318",
                "8001914591388",
                "8001917520145",
                "8001921337196",
                "8001921334761",
                "8001988337706",
                "8001988347693",
                "8001988349060",
                "8004280501648",
                "8004280519352",
                "8004837254773",
                "8004837261739",
                "8004837252264",
                "8005819810842",
                "8005819810842",
                "8011182597822",
                "8011182597822",
                "8013319092238",
                "8013319092238",
                "8013320454242",
                "8013320454242",
                "8013328666811",
                "8013328663981",
                "8013329125439",
                "8013329125439",
                "8013330935593",
                "8013332357228",
                "8013332357228",
                "8013332435704",
                "8013333158891",
                "8013923192366",
                "8015157611526",
                "8015157613763",
                "8015157611989",
                "8015190536405",
                "8015190551291",
                "8016803979177",
                "8016803973997",
                "8016804067760",
                "8016804066813",
                "8016804799463",
                "8016804910921",
                "8016804910921",
                "8016804945836",
                "8016804945836",
                "8016804951791",
                "8016804951791",
                "8016804973114",
                "8016804973114",
                "8016804988126",
                "8016804988126",
                "8016804998614",
                "8016832577300",
                "8016832577300"
            ]
        },
        "cd6e05333bd33aedd3f6ae04fe2c7c5b0": {
            "B": [
                "7977726370620",
                "7977726661550",
                "7978227807143",
                "7978791903124",
                "7979456436968",
                "7979458780571",
                "7979459162349",
                "7979464414146",
                "7979467803387",
                "7979472786860",
                "7979479457079",
                "7979481288568",
                "7979483314255",
                "7984712753045",
                "7984712933599",
                "7984714120691",
                "7984771193799",
                "7984812324141",
                "7984817173075",
                "7984930157093",
                "7984930157093",
                "7984930924443",
                "7984931129496",
                "7984939329149",
                "7984939329149",
                "7984939344473",
                "7984939344473",
                "7984939613309",
                "7984939759944",
                "7984939987376",
                "7985811309076",
                "7985811585074",
                "7985812822059",
                "7985813622230",
                "7985816423426",
                "7985816680759",
                "7986235525246",
                "7986254690710",
                "7986254882127",
                "7986254882127",
                "7986262332220",
                "7986262332220",
                "7986263430544",
                "7986263430544",
                "7986266815661",
                "7987895217573",
                "7988205793874",
                "7988212606822",
                "7988243615054",
                "7988244417413",
                "7988246018726",
                "7988246248105",
                "7988247120238",
                "7988249489411",
                "7988251605415",
                "7988871169153",
                "7988872364845",
                "7988872767888",
                "7988878140990",
                "7988878604104",
                "7988881246456",
                "7988882067427",
                "7990166657152",
                "7990365196147",
                "7990365347122",
                "7990365558222",
                "7990413703580",
                "7990414119178",
                "7990947674300",
                "7991305219612",
                "7991709177353",
                "7991709711125",
                "7992347366824",
                "7994284683264",
                "7994284683264",
                "7995139807290",
                "7996668769043",
                "7996780763715",
                "8002808446437",
                "8002808624218",
                "8003635629026",
                "8003637015247",
                "8004606341869",
                "8004607027848",
                "8004607416182",
                "8004620266745",
                "8004621339391",
                "8004848736452",
                "8004848736452",
                "8004882135274",
                "8004886136718",
                "8004890107247",
                "8004890476539",
                "8004892264918",
                "8004895054222",
                "8004895385917",
                "8004903161905",
                "8004904523823",
                "8004908781745",
                "8004909023920",
                "8005878048869",
                "8005878048869",
                "8005878689226",
                "8006154079897",
                "8006154079897",
                "8006154337902",
                "8006156861577",
                "8006157175574",
                "8006157830339",
                "8006158018488",
                "8006211968687",
                "8006215845184",
                "8006220148489",
                "8006220365582",
                "8006221826403",
                "8006222378823",
                "8006222532830",
                "8006223411626",
                "8006223672018",
                "8006224115428",
                "8006224495730",
                "8006226145013",
                "8006226247753",
                "8006227468564",
                "8006227517382",
                "8006227565856",
                "8006227665058",
                "8006227800754",
                "8006228017946",
                "8006229111361",
                "8006229456661",
                "8007539325110",
                "8007543571242",
                "8007543571242",
                "8007543671977",
                "8007544309214",
                "8007968012564",
                "8007992103967",
                "8007992208520",
                "8007992405811",
                "8007993922325",
                "8008150471171",
                "8008522953651",
                "8008524411542",
                "8008524602068",
                "8009058535012",
                "8009733750984",
                "8009734059640",
                "8009894293361",
                "8009894293361",
                "8009898841334",
                "8009906677981",
                "8009907508056",
                "8009911419260",
                "8009915277123",
                "8009915277123",
                "8009915662106",
                "8009916529227",
                "8009921271297",
                "8009921455692",
                "8009922640322",
                "8009923672983",
                "8009926071735",
                "8009944430413",
                "8009946334025",
                "8009988728841",
                "8009990589825",
                "8009993257648",
                "8010171776632",
                "8010172117441",
                "8010444234390",
                "8010444234390",
                "8011271869619",
                "8012077574162",
                "8012082287398",
                "8012082287398",
                "8012846626429",
                "8012846990697",
                "8012897454629",
                "8012897935482",
                "8012897944673",
                "8012956533322",
                "8012956533322",
                "8012956776049",
                "8012956932723",
                "8013129935245",
                "8013197723218",
                "8013198377315",
                "8013199666265",
                "8013201238389",
                "8013202351953",
                "8013202580920",
                "8013205092329",
                "8013547512636",
                "8013600958464",
                "8013601416430",
                "8013877911869",
                "8013878027221",
                "8013878362985",
                "8013879961898",
                "8013881241467",
                "8013881771679",
                "8013892688485",
                "8013904361286",
                "8013905151595",
                "8013907667849",
                "8013908212527",
                "8013915023044",
                "8014131624182",
                "8014160790075",
                "8014160898329",
                "8014172200224",
                "8014173585631",
                "8014174347612",
                "8014174564310",
                "8014175774794",
                "8014176286864",
                "8014186896671",
                "8014188007805",
                "8014192735533",
                "8014198214401",
                "8014553654871",
                "8014621591180",
                "8014631909452",
                "8014632832225",
                "8015150675961",
                "8015150840930",
                "8015154810740",
                "8015162685456",
                "8015162925987",
                "8015166641186",
                "8015166641186",
                "8015166666457",
                "8015166666457",
                "8015166691213",
                "8015166691213",
                "8015269665656",
                "8015270560827",
                "8015382476184",
                "8015407120803",
                "8015493886006",
                "8015646803222",
                "8015649484395",
                "8015649863688",
                "8016113863465",
                "8016119590649",
                "8016409344688",
                "8016410116972",
                "8016424360148",
                "8016427596927",
                "8016427703523",
                "8016453964870",
                "8016663551194",
                "8016664037474",
                "8016794212749",
                "8016803616168",
                "8017403577880",
                "8017936925116",
                "8018437966223",
                "8018602471577"
            ]
        },
        "ced5282d5b71cfe81d6f68e5bb3aa7455": {
            "B": [
                "7969308560278",
                "7969309815768",
                "7969310983035",
                "7975341963064",
                "7975341963904",
                "7975342220549",
                "7975342341235",
                "7975347197872",
                "7975348034359",
                "7975348297470",
                "7975348526215",
                "7975535051936",
                "7975687154932",
                "7975687619391",
                "7975688342115",
                "7975690952476",
                "7975691090873",
                "7975691517419",
                "7975693378634",
                "7975693844986",
                "7975756853928",
                "7975771508291",
                "7976315397632",
                "7977503516529",
                "7977706612371",
                "7978779608271",
                "7978792836300",
                "7978792834859",
                "7978792826076",
                "7979486408092",
                "7979486797432",
                "7979487044184",
                "7979493637804",
                "7979493974689",
                "7979513155675",
                "7979517535747",
                "7979517879143",
                "7979518250410",
                "7979519794259",
                "7979520037543",
                "7979522750389",
                "7979523153067",
                "7979525989272",
                "7979526075631",
                "7979526593255",
                "7979527257632",
                "7979527830769",
                "7979528189717",
                "7984746834057",
                "7984746868544",
                "7984747569616",
                "7984747663761",
                "7984747796974",
                "7984750131767",
                "7984750415175",
                "7984750612855",
                "7984751883452",
                "7984752203697",
                "7984752194138",
                "7984753389932",
                "7984754484579",
                "7984755552810",
                "7984775470062",
                "7984779458673",
                "7984784217313",
                "7984784575530",
                "7984786187589",
                "7984787477127",
                "7984799303018",
                "7984800700040",
                "7984806747136",
                "7984807290701",
                "7984824505407",
                "7984826255749",
                "7984831021386",
                "7984831521485",
                "7984833420003",
                "7984837065828",
                "7984843369513",
                "7984847285311",
                "7984847379276",
                "7984847479848",
                "7984847594979",
                "7984851483796",
                "7984851814913",
                "7984854324602",
                "7984855508734",
                "7984857196341",
                "7984857967378",
                "7984858362610",
                "7984858660059",
                "7984861106755",
                "7984861358858",
                "7984866193644",
                "7984867756696",
                "7984868409509",
                "7985677789778",
                "7987896951997",
                "7987896956431",
                "7987896957795",
                "7997797938727",
                "7997798009702",
                "7998454163784",
                "7999242929601",
                "7999243148788",
                "8005085893190",
                "8005086082680",
                "8005088027703",
                "8005088531170",
                "8005088853574",
                "8005145356412",
                "8005145755609",
                "8005150701627",
                "8005154912201",
                "8005155274248",
                "8005166905670",
                "8005169658135",
                "8005261879882",
                "8005264713047",
                "8005286795276",
                "8005289566729",
                "8005511923945",
                "8006825614653",
                "8007099217237",
                "8007139192010",
                "8007140682516",
                "8007201279996",
                "8007456117960",
                "8007456657483",
                "8007457023822",
                "8007457517091",
                "8007458094291",
                "8007458547117",
                "8007458563487",
                "8007458980262",
                "8007458997666",
                "8007459022362",
                "8007459056513",
                "8007459082612",
                "8007459093661",
                "8007459125762",
                "8007459740157",
                "8007460064353",
                "8007460226935",
                "8007460481344",
                "8007460670390",
                "8007461469404",
                "8007462820802",
                "8007462813583",
                "8007462822148",
                "8007463176233",
                "8007463324111",
                "8007464492206",
                "8007464863322",
                "8007468346856",
                "8007468642739",
                "8007468695243",
                "8007468791827",
                "8007469725974",
                "8007472186398",
                "8007486008343",
                "8007487593258",
                "8007488906847",
                "8007490938134",
                "8007498491256",
                "8007547157926",
                "8007547157926",
                "8007547423529",
                "8007547532196",
                "8007547914621",
                "8007548825418",
                "8007549009746",
                "8007552866946",
                "8007552864591",
                "8007553054072",
                "8007572689306",
                "8007817611672",
                "8007817802111",
                "8007820815622",
                "8007820815622",
                "8007821057197",
                "8008216080489",
                "8008216709554",
                "8008217138457",
                "8008217354830",
                "8008291475071",
                "8008291714014",
                "8008296586412",
                "8008344214002",
                "8008347012309",
                "8008347400169",
                "8008347657009",
                "8008348942348",
                "8008349663290",
                "8008349971288",
                "8008419018998",
                "8008525712391",
                "8008870548445",
                "8010321231523",
                "8010834628582",
                "8010837256727",
                "8016143036840",
                "8016143179089",
                "8016143713247",
                "8016143713284",
                "8016144019646",
                "8016144018962",
                "8016145061772",
                "8016145057457",
                "8016146896660",
                "8016146897306",
                "8016147430816",
                "8016147420790",
                "8016460968023",
                "8016807930709",
                "8016807983812",
                "8016824564235",
                "8016824721514",
                "8016824721514",
                "8016824761665",
                "8016824761665",
                "8016824774235",
                "8016824774235",
                "8016824800547",
                "8016824800547",
                "8016824821822",
                "8016824821822",
                "8016824831039",
                "8016826745507",
                "8016826910746",
                "8016827082940",
                "8016833502493",
                "8016833612169",
                "8016833772016",
                "8016833830023",
                "8016835190062",
                "8016835190062",
                "8018531543345"
            ]
        },
        "cf10e2aff138b496676b3a809c48658b2": {
            "B": [
                "7978839276484",
                "7978841903101",
                "7981279193637",
                "7981339559968",
                "7981339680650"
            ]
        },
        "u04bc678bd1b8bb55254235e58e1bb60b": {
            "B": [
                "8006011940167"
            ]
        },
        "u568d64c233c6c20b5024fc2e8c2114d8": {
            "B": [
                "7983909794915",
                "7983914944506",
                "7983915029694",
                "7983915019749",
                "7983915503881",
                "7983916426362",
                "7983917792705",
                "7983921181879",
                "7983921517868",
                "7983924780854",
                "7983925064035",
                "7983925430101",
                "7983925642594",
                "7983927731648",
                "7983930822378",
                "7983933801747",
                "7983933979537",
                "7983938662791"
            ]
        },
        "u56e83f2a17079ca61f71abbb91a9faa2": {
            "B": [
                "7995230535215"
            ]
        },
        "u5b67c6e4067d095e62c231ee114d8f29": {
            "B": [
                "8004856357744"
            ]
        },
        "u61aa26c453c9be565703f92f0ae82514": {
            "B": [
                "8013678431921"
            ]
        },
        "u78b13f26fb700db6db6a41ab6431df13": {
            "B": [
                "8015169274318",
                "8015178124000",
                "8015179929309",
                "8015184583986",
                "8015188553571"
            ]
        },
        "u911a53f18a83a7efed7f96474a0d1c75": {
            "B": [
                "7995401409620",
                "7995401490366",
                "7995406941790",
                "7995406938759",
                "7995406935567",
                "7996196202944",
                "7996440430555",
                "7996485426381",
                "7996488272276",
                "8004634919805",
                "8004635033353",
                "8004635190115",
                "8004637343410",
                "8004638909058",
                "8004639412684",
                "8004640029206",
                "8004646439945",
                "8011384872696",
                "8014062786194",
                "8014063139517",
                "8014063262788",
                "8014066231000",
                "8014068500277",
                "8014068562537",
                "8014069382033",
                "8014130684035"
            ]
        },
        "u9a052c36d126098ca08a72cbf4122452": {
            "B": [
                "7984277173422",
                "7984285515434"
            ]
        },
        "ua7e992785fd435794a5f76857c482d35": {
            "B": [
                "7977703747575",
                "7977728343886",
                "7977729475923",
                "7986985349170",
                "7987147101079"
            ]
        },
        "uc0e8fa98551c871413a96af275df62d9": {
            "B": [
                "7996669348625",
                "7996669793785"
            ]
        },
        "uec0cee08644842c7a8c65c8b90ec3fb0": {
            "B": [
                "8014208725441"
            ]
        },
        "uf988b592090122fd0000bd5518fde999": {
            "B": []
        }
    },
    "autoAdd": false,
    "autoCancel": [],
    "autoJoin": false,
    "autoaddpesan": "@!Thx for add",
    "autochat": [],
    "autochats": [],
    "autoread1": false,
    "autoread2": false,
    "blacklist": [],
    "bots": [
        "u068c7c3583fbf86b0faf06af4b699c5f",
        "u3e2ff6b5ced9738c3b44e30267923adf",
        "u5812e04ea0a549d57fbb42c9a71e0b8b",
        "ua5d0430099aca0f80a508c10abfa4ae6",
        "ub0a437d8c41b2949e1de3f884ac32e02",
        "ub8409bfc8413b1e4e1b9c0667f445920",
        "uc01411be5c3c42dc218a435c9b87a7c8",
        "udf1cc52d2369364e4a32086c0976c9b4",
        "uf021e2fc9470a98523f3420e18e1578f",
        "uf19dd766cccf032eae3e60732e6e3e4e",
        "ud04081db2331758280d57e0169ae0700",
        "u24d2ce778ab32cf95090a15c3d9a5a0a",
        "u378015247d9843012c49f768a03839b4",
        "u5560d4242f1f308f5a83b87046083bd3",
        "ued47dbbe4b942392f8757ec21ef6aa87",
        "uefc5f1f98fa74feee85ad0e7d04855f4",
        "uf223aeb9be61a85f1fbbec895dead811"
    ],
    "clock": false,
    "dblacklist": false,
    "dwhitelist": false,
    "keyword": {
        "c298fd9fc2568d79be1a6a44949e6af4b": {
            "B": {},
            "F": false
        },
        "c49c382752f24f7a1e4e1e1fa50cdf7bf": {
            "B": {},
            "F": false
        },
        "c5eb4f975b5965afecd396de622b51100": {
            "B": {},
            "F": false
        },
        "ced5282d5b71cfe81d6f68e5bb3aa7455": {
            "B": {},
            "F": false
        },
        "u8cae982abc647f463d9d1baae6138d57": {
            "B": {},
            "F": false
        }
    },
    "kick": false,
    "kitsunecontact": [],
    "kitsuneprotection": [],
    "kitsuneshare": [],
    "kitsuneurl": [],
    "kitsunewelcome": {},
    "leaveRoom": false,
    "lfriend": [],
    "lurkauto": false,
    "lurkp": {},
    "lurkt": {},
    "pname": [],
    "ppict": [],
    "pro_name": {},
    "readPoint": {
        "cd6e05333bd33aedd3f6ae04fe2c7c5b0": "7990432458043"
    },
    "readPoints": {},
    "setTime": {
        "cd6e05333bd33aedd3f6ae04fe2c7c5b0": {
            "u04bc678bd1b8bb55254235e58e1bb60b": 1527310588950,
            "u105e2ad5f73eb6c9bc7c5f871d82419d": 1527312256104,
            "u361ccf999f2e7246b7c33fc496c88094": 1527289926581,
            "u38b3af385d8ca2566e4f47bf68d07acf": 1527311132137,
            "u3fefc1436f70e7e1005a79a6c563f7e1": 1527257795629,
            "u46e8e4f2e449b16f2e06cfd860219218": 1527310713574,
            "u6af637cf40f2df9e7461656128d79c44": 1527302459225,
            "u79e5cde473410c89a9bdd4bcd4f8f255": 1527247410096,
            "u7d2a1889127540c4a21c6a5d57e05bac": 1527299945674,
            "u8d0f5822e387b8ea9bd6dd16a0f8e2a7": 1527309590250,
            "ua7e992785fd435794a5f76857c482d35": 1527311339850,
            "ub27f5d1d188eb6c5d6a67e579a180bd7": 1527269335523,
            "uc9f0ac44bd3155cca387f12d45ee377f": 1527312376177,
            "ucd63421ebc1103854f194d837fc73cb5": 1527293087881,
            "ud5c3774cd2175e4339d731293e987a10": 1527310792666
        },
        "ced5282d5b71cfe81d6f68e5bb3aa7455": {}
    },
    "setTimess": [],
    "setkey": "",
    "spam": "Al Ganteng",
    "status": true,
    "talkban": {
        "cvp": false,
        "pict": "",
        "video": "/tmp/linepy-1527221495-9.bin"
    },
    "talkblacklist": {
        "tos": {
            "c1961138f02156d062fe9c5c9348cb5bb": {
                "expire": false,
                "flood": 0,
                "time": 1526989905.335405
            },
            "c22dd28eddafbde5a05642123c476ce29": {
                "expire": false,
                "flood": 0,
                "time": 1527120338.0452936
            },
            "c4b0114bb5f98a956dc030a4d2a004fbb": {
                "expire": false,
                "flood": 0,
                "time": 1527120466.442188
            },
            "c4fd67e472bcffab3627e82a1cec76400": {
                "expire": false,
                "flood": 0,
                "time": 1527124571.521292
            },
            "c631ef328094302c595bf11e77e1115b7": {
                "expire": false,
                "flood": 0,
                "time": 1527095916.5839148
            },
            "c82b5ec298a6b4fd09085704e55b3aeab": {
                "expire": false,
                "flood": 0,
                "time": 1527036834.3342102
            },
            "cd6e05333bd33aedd3f6ae04fe2c7c5b0": {
                "expire": false,
                "flood": 0,
                "time": 1527096157.7401662
            },
            "ced5282d5b71cfe81d6f68e5bb3aa7455": {
                "expire": true,
                "flood": 0,
                "time": 1527124890.9244096
            },
            "cf10e2aff138b496676b3a809c48658b2": {
                "expire": false,
                "flood": 2,
                "time": 1526706625.6585114
            },
            "u1854ceab3ede5c64a1c5bd0d45f2ff41": {
                "expire": false,
                "flood": 0,
                "time": 1527020109.1882222
            },
            "u22d94aac4e1659eb6f375ffc7cb17a53": {
                "expire": false,
                "flood": 0,
                "time": 1527096688.2238758
            },
            "u2b83a2dccd83d093fca1cd117aa0f71c": {
                "expire": false,
                "flood": 0,
                "time": 1527111058.6839247
            },
            "u2be57d5e9c853d6a1cae93bb1fed577b": {
                "expire": false,
                "flood": 0,
                "time": 1527043668.2733133
            },
            "u2d5594970559780c2e1837b76a09f01d": {
                "expire": false,
                "flood": 0,
                "time": 1526833710.1305716
            },
            "u3f469a370580365ea7ab8c02c81a51cc": {
                "expire": false,
                "flood": 0,
                "time": 1526713955.935267
            },
            "u411bd26d70f5206d3d3df34dcd974255": {
                "expire": false,
                "flood": 1,
                "time": 1527019860.5047402
            },
            "u54fcf88566fcd94900d0edc31a1b427c": {
                "expire": false,
                "flood": 0,
                "time": 1526997471.8969507
            },
            "u568d64c233c6c20b5024fc2e8c2114d8": {
                "expire": false,
                "flood": 0,
                "time": 1526732701.7162282
            },
            "u56e83f2a17079ca61f71abbb91a9faa2": {
                "expire": false,
                "flood": 0,
                "time": 1526915415.4441226
            },
            "u6df285015b4c97fae0c9555a98899c67": {
                "expire": false,
                "flood": 0,
                "time": 1526997315.899364
            },
            "u72e0842afab6319d4eafeb4ecb383fc8": {
                "expire": false,
                "flood": 2,
                "time": 1527086678.0815055
            },
            "u82292302feb873455e9ea18267fa09f9": {
                "expire": false,
                "flood": 0,
                "time": 1526724652.2623317
            },
            "u82919cbab6be321c82a299a34ceaf121": {
                "expire": false,
                "flood": 1,
                "time": 1526959331.9513202
            },
            "u89244e171e083a06f327632f50318a44": {
                "expire": false,
                "flood": 0,
                "time": 1526884351.2883012
            },
            "u911a53f18a83a7efed7f96474a0d1c75": {
                "expire": false,
                "flood": 0,
                "time": 1527085468.611988
            },
            "u91b22e5ea5bc7cd140fdc06510ab26b3": {
                "expire": false,
                "flood": 0,
                "time": 1526900860.2998352
            },
            "u9306ca9c2e56910d1aa3448864f7b474": {
                "expire": false,
                "flood": 0,
                "time": 1527104037.6083276
            },
            "u99efec2c7ea308ba6055c706a9b33b35": {
                "expire": false,
                "flood": 0,
                "time": 1526601731.5955896
            },
            "u9a052c36d126098ca08a72cbf4122452": {
                "expire": false,
                "flood": 0,
                "time": 1526736848.3460565
            },
            "u9e4fbbf67522472d164a25381abb5588": {
                "expire": false,
                "flood": 0,
                "time": 1526995632.2008107
            },
            "u9fe567010b5b4c337392bb1734d6df7b": {
                "expire": false,
                "flood": 0,
                "time": 1527097468.6686747
            },
            "ua647d0d2674e16cf0a9e8beb2e00043e": {
                "expire": false,
                "flood": 0,
                "time": 1526758011.5434465
            },
            "ua7e992785fd435794a5f76857c482d35": {
                "expire": false,
                "flood": 0,
                "time": 1526791968.5268548
            },
            "uae9e86d81444ee33f6d347a9b79e2193": {
                "expire": false,
                "flood": 0,
                "time": 1526865748.8477206
            },
            "ub3c319d60e9933f5330d7c3a7d6ca30b": {
                "expire": false,
                "flood": 0,
                "time": 1526629590.6984863
            },
            "uc0d398facf2fba9965bd2084e21536c8": {
                "expire": false,
                "flood": 0,
                "time": 1526914332.399327
            },
            "uc0e8fa98551c871413a96af275df62d9": {
                "expire": false,
                "flood": 2,
                "time": 1526920784.6513672
            },
            "uc232773ff087911b8ffe3a634817fc7e": {
                "expire": false,
                "flood": 0,
                "time": 1527021646.9883926
            },
            "ue56a018431516406490dfa832a1994f9": {
                "expire": false,
                "flood": 1,
                "time": 1526757542.7647274
            },
            "ue81f41d837d4e57f5f8b993300786f5d": {
                "expire": false,
                "flood": 0,
                "time": 1526715595.8036258
            },
            "uf12d2681844bc0c6bb1996674bd9f9cd": {
                "expire": false,
                "flood": 0,
                "time": 1526608946.0010207
            }
        }
    },
    "talkdblacklist": false,
    "talkwblacklist": false,
    "target": [
        "ub8409bfc8413b1e4e1b9c0667f445920"
    ],
    "tdblacklist": false,
    "timeline": false,
    "tos": {
        "c1961138f02156d062fe9c5c9348cb5bb": {},
        "c22dd28eddafbde5a05642123c476ce29": {},
        "c4b0114bb5f98a956dc030a4d2a004fbb": {},
        "c4fd67e472bcffab3627e82a1cec76400": {},
        "c631ef328094302c595bf11e77e1115b7": {},
        "c82b5ec298a6b4fd09085704e55b3aeab": {},
        "cd6e05333bd33aedd3f6ae04fe2c7c5b0": {},
        "ced5282d5b71cfe81d6f68e5bb3aa7455": {},
        "cf10e2aff138b496676b3a809c48658b2": {
            "setset": false
        },
        "u1abaf60a33748568578bcfc59a40e8a0": {},
        "u22d94aac4e1659eb6f375ffc7cb17a53": {
            "setset": false
        },
        "u2be57d5e9c853d6a1cae93bb1fed577b": {
            "setset": false
        },
        "u2d5594970559780c2e1837b76a09f01d": {
            "setset": false
        },
        "u3f469a370580365ea7ab8c02c81a51cc": {
            "setset": false
        },
        "u568d64c233c6c20b5024fc2e8c2114d8": {
            "setset": false
        },
        "u56e83f2a17079ca61f71abbb91a9faa2": {
            "setset": false
        },
        "u65872d7ae8a556f3fdd3595f8c83e82a": {
            "setset": false
        },
        "u72e0842afab6319d4eafeb4ecb383fc8": {},
        "u78b13f26fb700db6db6a41ab6431df13": {},
        "u82292302feb873455e9ea18267fa09f9": {
            "setset": false
        },
        "u82919cbab6be321c82a299a34ceaf121": {},
        "u911a53f18a83a7efed7f96474a0d1c75": {},
        "u9306ca9c2e56910d1aa3448864f7b474": {
            "setset": false
        },
        "u9424269cdb236e6a63b0811d32fb6ebb": {
            "setset": false
        },
        "u998a2d577716aa4f9f8ac1dbb2d929bf": {},
        "u99efec2c7ea308ba6055c706a9b33b35": {
            "setset": false
        },
        "u9a052c36d126098ca08a72cbf4122452": {
            "setset": false
        },
        "u9fe567010b5b4c337392bb1734d6df7b": {
            "setset": false
        },
        "ua647d0d2674e16cf0a9e8beb2e00043e": {
            "setset": false
        },
        "ua7e992785fd435794a5f76857c482d35": {
            "setset": false
        },
        "ub3c319d60e9933f5330d7c3a7d6ca30b": {
            "setset": false
        },
        "uc0d398facf2fba9965bd2084e21536c8": {
            "setset": false
        },
        "uc0e8fa98551c871413a96af275df62d9": {
            "setset": false
        },
        "ue56a018431516406490dfa832a1994f9": {
            "setset": false
        },
        "ue81f41d837d4e57f5f8b993300786f5d": {
            "setset": false
        },
        "uf12d2681844bc0c6bb1996674bd9f9cd": {
            "setset": false
        }
    },
    "twblacklist": false,
    "wblacklist": false,
    "word": "ErUFmrnv4b0MN68PBMK6.PDbdajMSOpGkuiWqQ+Pk5G.CcSuIE69XO/7bY6tw9s8qpG98Dd1u0m3utsznfoqaL8=",
    "wwhitelist": false
}