{
    "Addimage": false,
    "Addsticker": false,
    "Anime": false,
    "ChangeCover": false,
    "ChangeDP": false,
    "ChangeGDP": false,
    "GN": "",
    "GROUP": {
        "AM": {
            "AP": {}
        },
        "AR": {
            "AP": [
                "ca02b4b9622d55374fa23db0ed63f6383"
            ],
            "P": {
                "c00d8a0694cdae70af888b4a36a95892d": "Test",
                "c3d3579f97505fd95a7b2e64ad2447539": "Hey kuntul jangan tag |gua m2k",
                "c92a2970dd80af63190a79003d14b4e7c": "Hy beb|",
                "ca02b4b9622d55374fa23db0ed63f6383": "Hy darling",
                "ce07d9245530eb1f56fd8d41ed0feab6d": "Kenapa tag :v",
                "ced5282d5b71cfe81d6f68e5bb3aa7455": "Huy"
            },
            "S": {}
        },
        "LM": {
            "AP": [],
            "P": {},
            "S": {
                "ced5282d5b71cfe81d6f68e5bb3aa7455": {
                    "AP": false,
                    "Sticker": {
                        "STKID": "291537",
                        "STKPKGID": "1005662",
                        "STKTXT": "[Sticker]",
                        "STKVER": "1"
                    }
                }
            }
        },
        "WM": {
            "AP": [
                "c895ca38e1459bae09c54a1dde4467a1b"
            ],
            "P": {
                "c895ca38e1459bae09c54a1dde4467a1b": "Greeting @! And welcome 􀜅􀄤Tee Hee􏿿 Baca Sampai habis yah kak @! Kita open order selfbot loh\n\n「 Open Order SelfBot 」\n\n<Feature>\n\n- Me\n- Mentionall & Check Mention\n- Broadcast\n- Lurk / Check Sider\n- Welcome Message & Leave Message\n- Autoread\n- Autorespond\n- Del Friend & Block\n- Disguise\n- Mimic\n- Unsend Detection\n- Spam Chat, Gift, Contact, & Mention\n- Fancyname\n- Steal pp & vid\n- Autojoin\n- Autoadd\n- Announ Create / Clear\n- Change Profile Picture & Video\n- Kick & Vkick\n- Youtube, Lyric, Instagram, Webtoon, Music, Anime Search with Download Link\n- Wikipedia, KBBI, Urban, Image Generator\n- etc./dan masih banyak fitur lainnya\n\nNote :\n\nSelfBot with Footer! It's cool. And it will update soon.\n\nHow about price? Cheap! just 100k/month @! Brother 􀬁􀅟a-ok􏿿􀜅􀅔Har Har􏿿. If u wanna rent just pm me on line.me/ti/p/~resscoins\n\nHow about speed? so Fast! up to 0.004-0.007sec no fake speed 􀜅􀄤Tee Hee􏿿",
                "ced5282d5b71cfe81d6f68e5bb3aa7455": "@!Hm"
            },
            "S": {}
        }
    },
    "Images": {
        "apa": "dataSeen/apa.gif",
        "dor": "dataSeen/dor.gif",
        "hy": "dataSeen/hy.gif",
        "lol": "dataSeen/lol.jpg",
        "ok": "dataSeen/ok.gif",
        "wkwkwk": "dataSeen/wkwkwk.gif"
    },
    "Img": {},
    "Members": 20,
    "MessageCount": true,
    "ROM": {
        "c098f5f1a34e58e58c1944f4f840a0b4a": {
            "u55c04b6ff71fe22f4b0f2501d2ccdfab": {
                "msg.id": [
                    "8020133669358",
                    "8020151215260"
                ],
                "waktu": [
                    1527333816245,
                    1527334044777
                ]
            },
            "ua632278902552ef039f5c60a088b1281": {
                "msg.id": [
                    "8020286350489"
                ],
                "waktu": [
                    1527335768761
                ]
            },
            "uca72a90a07399774b3592ea8630cfa95": {
                "msg.id": [
                    "8020271687086"
                ],
                "waktu": [
                    1527335587883
                ]
            }
        },
        "c22dd28eddafbde5a05642123c476ce29": {
            "uf8cb8e90522e9f142b8451070cc15b30": {
                "msg.id": [
                    "8019943853919",
                    "8019962583390"
                ],
                "waktu": [
                    1527331244052,
                    1527331504153
                ]
            }
        },
        "c4eb531df6322237f7c81d930d06490b9": {
            "ud221630b59a3944803fa87a82271ae16": {
                "msg.id": [
                    "8019903770477",
                    "8019948856434"
                ],
                "waktu": [
                    1527330681985,
                    1527331314102
                ]
            }
        },
        "c92a2970dd80af63190a79003d14b4e7c": {
            "u8e039acfbb0166ac40cf9106ea5eac6c": {
                "msg.id": [
                    "8020417342625"
                ],
                "waktu": [
                    1527337378371
                ]
            }
        },
        "ce8d8ee95d5a62b693cd2541ec0942c04": {
            "u26d85325383eacc51b24ed5c0c0b5f65": {
                "msg.id": [
                    "8020031137680"
                ],
                "waktu": [
                    1527332456776
                ]
            },
            "uecc0e521c7c6f1a7c9e09bc2bb019523": {
                "msg.id": [
                    "8020038390612",
                    "8020063557292",
                    "8020383029850"
                ],
                "waktu": [
                    1527332554244,
                    1527332891433,
                    1527336959594
                ]
            },
            "uf8d981e0bc9184560956ced35c4372be": {
                "msg.id": [
                    "8020262007834"
                ],
                "waktu": [
                    1527335466178
                ]
            }
        },
        "ced5282d5b71cfe81d6f68e5bb3aa7455": {
            "u1abaf60a33748568578bcfc59a40e8a0": {
                "msg.id": [
                    "8020111187856"
                ],
                "waktu": [
                    1527333522154
                ]
            },
            "u8e039acfbb0166ac40cf9106ea5eac6c": {
                "msg.id": [
                    "8019593422284",
                    "8019593559099",
                    "8019593706061",
                    "8019612274332",
                    "8020138291148",
                    "8020138458128",
                    "8020138624602",
                    "8020182021215",
                    "8020188882842",
                    "8020332407889",
                    "8020332661173",
                    "8020374123605",
                    "8020374150396"
                ],
                "waktu": [
                    1527326284705,
                    1527326286746,
                    1527326288898,
                    1527326556690,
                    1527333876640,
                    1527333878978,
                    1527333880970,
                    1527334444469,
                    1527334532948,
                    1527336333460,
                    1527336336602,
                    1527336850482,
                    1527336850786
                ]
            },
            "ua5d0430099aca0f80a508c10abfa4ae6": {
                "msg.id": [
                    "8020475465643"
                ],
                "waktu": [
                    1527338077038
                ]
            },
            "udf1cc52d2369364e4a32086c0976c9b4": {
                "msg.id": [
                    "8020462363298"
                ],
                "waktu": [
                    1527337921901
                ]
            },
            "uf19dd766cccf032eae3e60732e6e3e4e": {
                "msg.id": [
                    "8019620945128",
                    "8020467577534"
                ],
                "waktu": [
                    1527326681303,
                    1527337983397
                ]
            },
            "uf988b592090122fd0000bd5518fde999": {
                "msg.id": [
                    "8019775197275",
                    "8020392090379",
                    "8020398550736"
                ],
                "waktu": [
                    1527328868030,
                    1527337070982,
                    1527337150008
                ]
            }
        },
        "rb7a50489fd774b9638aba23919284745": {
            "u24d2ce778ab32cf95090a15c3d9a5a0a": {
                "msg.id": [
                    "8019674353829",
                    "8019682248797",
                    "8019765353369"
                ],
                "waktu": [
                    1527327444539,
                    1527327556947,
                    1527328730505
                ]
            },
            "u48a5866531b8b1442e5351179cfb423c": {
                "msg.id": [
                    "8019722268584"
                ],
                "waktu": [
                    1527328125483
                ]
            },
            "u81acb7e1e964063dc3cfbec063d22bc6": {
                "msg.id": [
                    "8019660068510",
                    "8019672237604",
                    "8019672237605",
                    "8019672237606",
                    "8019672237607",
                    "8019672252400",
                    "8019672252404",
                    "8019672252405",
                    "8019672268779",
                    "8019672268780",
                    "8019672268781",
                    "8019672268782",
                    "8019672268783",
                    "8019672283911",
                    "8019672283912",
                    "8019672283913",
                    "8019672283914",
                    "8019672283915",
                    "8019672299727",
                    "8019702752703",
                    "8019702752704",
                    "8019707026444",
                    "8019707026445"
                ],
                "waktu": [
                    1527327241017,
                    1527327414454,
                    1527327414497,
                    1527327414544,
                    1527327414597,
                    1527327414638,
                    1527327414762,
                    1527327414802,
                    1527327414851,
                    1527327414896,
                    1527327414936,
                    1527327414981,
                    1527327415024,
                    1527327415066,
                    1527327415107,
                    1527327415157,
                    1527327415202,
                    1527327415243,
                    1527327415291,
                    1527327848340,
                    1527327848393,
                    1527327909292,
                    1527327909336
                ]
            },
            "ud6d9404c1d11f271bd3d9b75ee2a8009": {
                "msg.id": [
                    "8019726455937",
                    "8019762732879",
                    "8019775137614",
                    "8019779037959",
                    "8019781940667"
                ],
                "waktu": [
                    1527328184753,
                    1527328693719,
                    1527328867214,
                    1527328921945,
                    1527328962728
                ]
            },
            "uf988b592090122fd0000bd5518fde999": {
                "msg.id": [
                    "8019707207658"
                ],
                "waktu": [
                    1527327911780
                ]
            }
        },
        "ub29ae7f9998199ec9ddd4707c1c68c32": {
            "ub29ae7f9998199ec9ddd4707c1c68c32": {
                "msg.id": [
                    "8020301412572"
                ],
                "waktu": [
                    1527335953277
                ]
            }
        }
    },
    "ROM1": {
        "rb7a50489fd774b9638aba23919284745": {
            "u1fb79b09f1a422c53f5c4bf5293bdb02": "u1fb79b09f1a422c53f5c4bf5293bdb02",
            "u20377b4500a8f852f3fe1b2ac1af99ee": "u20377b4500a8f852f3fe1b2ac1af99ee",
            "u236b88bf1eac2b90e848a6198152e647": "u236b88bf1eac2b90e848a6198152e647",
            "u24d2ce778ab32cf95090a15c3d9a5a0a": "u24d2ce778ab32cf95090a15c3d9a5a0a",
            "u290d3072b043ff4796a9a91f145931e0": "u290d3072b043ff4796a9a91f145931e0",
            "u33d60593ad472ed11e7907fb1daee6ae": "u33d60593ad472ed11e7907fb1daee6ae",
            "u48a5866531b8b1442e5351179cfb423c": "u48a5866531b8b1442e5351179cfb423c",
            "u4da51453a8473d250a7ac537a16ef9eb": "u4da51453a8473d250a7ac537a16ef9eb",
            "u5812e04ea0a549d57fbb42c9a71e0b8b": "u5812e04ea0a549d57fbb42c9a71e0b8b",
            "u61aa26c453c9be565703f92f0ae82514": "u61aa26c453c9be565703f92f0ae82514",
            "u67f9d56f4e7f7cfe1310e6cecb2aefbf": "u67f9d56f4e7f7cfe1310e6cecb2aefbf",
            "u81acb7e1e964063dc3cfbec063d22bc6": "u81acb7e1e964063dc3cfbec063d22bc6",
            "u875e9dc9c6f2c0d0506ab9df893cc40f": "u875e9dc9c6f2c0d0506ab9df893cc40f",
            "u8904e320fb5961cc1509118e58dc7e05": "u8904e320fb5961cc1509118e58dc7e05",
            "u9eafa615a563135995e65808c7a9553b": "u9eafa615a563135995e65808c7a9553b",
            "ua5d0430099aca0f80a508c10abfa4ae6": "ua5d0430099aca0f80a508c10abfa4ae6",
            "ub0a437d8c41b2949e1de3f884ac32e02": "ub0a437d8c41b2949e1de3f884ac32e02",
            "ub4974c6489c969402713a974b568ee9e": "ub4974c6489c969402713a974b568ee9e",
            "ubb1736a73664d2c1d48e5273c530e1af": "ubb1736a73664d2c1d48e5273c530e1af",
            "uc7d319b7d2d38c35ef2b808e3a2aeed9": "uc7d319b7d2d38c35ef2b808e3a2aeed9",
            "ud6d9404c1d11f271bd3d9b75ee2a8009": "ud6d9404c1d11f271bd3d9b75ee2a8009",
            "ude73c082d77d25da5c68bef72c7d43b9": "ude73c082d77d25da5c68bef72c7d43b9",
            "udf060a89ebb2af83af77edddb767c329": "udf060a89ebb2af83af77edddb767c329",
            "udf1cc52d2369364e4a32086c0976c9b4": "udf1cc52d2369364e4a32086c0976c9b4",
            "ueb2c0e2e34e2a07730532d0c0375f32b": "ueb2c0e2e34e2a07730532d0c0375f32b",
            "uf19dd766cccf032eae3e60732e6e3e4e": "uf19dd766cccf032eae3e60732e6e3e4e"
        }
    },
    "Sticker": {
        ":'(": {
            "STKID": "43109597",
            "STKPKGID": "3474045",
            "STKTXT": "[Sticker]",
            "STKVER": "1"
        },
        ":v": {
            "STKID": "32808587",
            "STKPKGID": "3128472",
            "STKTXT": "[Sticker]",
            "STKVER": "1"
        },
        ">:(": {
            "STKID": "26765574",
            "STKPKGID": "1862778",
            "STKTXT": "[Sticker]",
            "STKVER": "1"
        },
        "hmm": {
            "STKID": "291528",
            "STKPKGID": "1005662",
            "STKTXT": "[Sticker]",
            "STKVER": "1"
        }
    },
    "Unsend": {
        "c00d8a0694cdae70af888b4a36a95892d": {
            "B": []
        },
        "c098f5f1a34e58e58c1944f4f840a0b4a": {
            "B": [
                "8019975962450",
                "8019976282588",
                "8019978952026",
                "8019980410973",
                "8019980511734",
                "8019983321462",
                "8019983987926",
                "8019991716195",
                "8019992173989",
                "8019995470629",
                "8019996355000",
                "8019996968323",
                "8019997125619",
                "8019999143161",
                "8019999518382",
                "8020001902867",
                "8020005485453",
                "8020005868675",
                "8020013712979",
                "8020014299379",
                "8020014464188",
                "8020015192073",
                "8020015338040",
                "8020015744267",
                "8020055172003",
                "8020076429644",
                "8020076429644",
                "8020076927507",
                "8020078555145",
                "8020078732394",
                "8020079116415",
                "8020079330657",
                "8020079330657",
                "8020085857442",
                "8020086854995",
                "8020086854995",
                "8020086997488",
                "8020086997488",
                "8020090031154",
                "8020090031154",
                "8020090655689",
                "8020096381981",
                "8020098185312",
                "8020123763846",
                "8020123759607",
                "8020124332554",
                "8020143715255",
                "8020144496896",
                "8020145469957",
                "8020146682246",
                "8020147118572",
                "8020147118572",
                "8020147742980",
                "8020148417644",
                "8020148664923",
                "8020148940437",
                "8020149373988",
                "8020149506814",
                "8020150524164",
                "8020152044409",
                "8020152237790",
                "8020152818500",
                "8020153473673",
                "8020153903436",
                "8020154096667",
                "8020277031469",
                "8020277808516",
                "8020295294105",
                "8020295289308",
                "8020295289308"
            ]
        },
        "c1fe7aad6703c8b456b3b0b9682d09eab": {
            "B": []
        },
        "c22dd28eddafbde5a05642123c476ce29": {
            "B": [
                "8019572762413",
                "8019572940336",
                "8019572942820",
                "8019578735161",
                "8019578914900",
                "8019942646328",
                "8019942935198",
                "8019947652052",
                "8019947911039",
                "8019951088986",
                "8020071575151",
                "8020071575151",
                "8020306765102"
            ]
        },
        "c3d3579f97505fd95a7b2e64ad2447539": {
            "B": [
                "8019598926409",
                "8019599035503",
                "8019599303027",
                "8019599421787",
                "8019601567613",
                "8019601720734",
                "8019603382597",
                "8019603678760",
                "8019603803033",
                "8019603964881",
                "8019869797056",
                "8019870836489",
                "8019870997062",
                "8019875016905",
                "8019899366745",
                "8019900008142",
                "8019900214398",
                "8019903360990",
                "8019903444814",
                "8019905031922",
                "8019957245718",
                "8019957795867",
                "8019958110310",
                "8019959252832",
                "8019959476752",
                "8019960197566",
                "8019961434337",
                "8019964054502",
                "8019967707689",
                "8020627160991",
                "8020627169302"
            ]
        },
        "c49c382752f24f7a1e4e1e1fa50cdf7bf": {
            "B": []
        },
        "c4b0114bb5f98a956dc030a4d2a004fbb": {
            "B": [
                "8019629635008",
                "8019629635008",
                "8019629897880",
                "8019635455882",
                "8019635682325",
                "8019635857868",
                "8019637014703",
                "8019637014703",
                "8019637610264",
                "8019640896574",
                "8019641096530",
                "8020011976942",
                "8020012432651",
                "8020012432651",
                "8020053700096",
                "8020053700096",
                "8020082407900",
                "8020084555294",
                "8020084563268",
                "8020090080167",
                "8020090080691",
                "8020091709906",
                "8020092012136",
                "8020092117705",
                "8020092978732",
                "8020094721424",
                "8020096901255",
                "8020099219627",
                "8020102382861",
                "8020102382861",
                "8020103681873",
                "8020103668752",
                "8020104165630",
                "8020104165630",
                "8020106145428",
                "8020106848715",
                "8020114449470",
                "8020115100335",
                "8020115896855",
                "8020115905145",
                "8020116922622",
                "8020117441344"
            ]
        },
        "c4eb531df6322237f7c81d930d06490b9": {
            "B": [
                "8020071548298",
                "8020071548298"
            ]
        },
        "c548a3081c8a5977898a2e9c1a2f5331e": {
            "B": []
        },
        "c6bdfa96cafb67262d43f415a7721c64a": {
            "B": []
        },
        "c76d08c42feaee43639c0966a19301404": {
            "B": []
        },
        "c895ca38e1459bae09c54a1dde4467a1b": {
            "B": []
        },
        "c8f1ee95ff070a880e75d3a4d4bec52fb": {
            "B": [
                "8019753663691",
                "8019755788728"
            ]
        },
        "c92a2970dd80af63190a79003d14b4e7c": {
            "B": [
                "8020417351560",
                "8020417342935",
                "8020417353660",
                "8020624147941",
                "8020624545916",
                "8020624664554"
            ]
        },
        "cabbc3dd5bd62c6ddbffbd8b35b0a8ad4": {
            "B": []
        },
        "cabee3ffb34017ebee0527cf0d7e6006a": {
            "B": []
        },
        "cb7ca0bb13ecee93b065edc14cd47bb6e": {
            "B": []
        },
        "cdc8ee3203d0d8a7a888abd366202f5d0": {
            "B": []
        },
        "ce07d9245530eb1f56fd8d41ed0feab6d": {
            "B": []
        },
        "ce0d9eeb243ccc517d198e3bc5c026d0d": {
            "B": []
        },
        "ce8d8ee95d5a62b693cd2541ec0942c04": {
            "B": [
                "8020030137511",
                "8020031158799",
                "8020031548827",
                "8020031981429",
                "8020033102734",
                "8020033416730",
                "8020033618267",
                "8020037033754",
                "8020040491312",
                "8020044366842",
                "8020049610864",
                "8020050731480",
                "8020050731480",
                "8020052999436",
                "8020056606910",
                "8020056768776",
                "8020060996355",
                "8020061518665",
                "8020061741771",
                "8020061838055",
                "8020063659472",
                "8020066089894",
                "8020061518665",
                "8020071613778",
                "8020071613778",
                "8020208589900",
                "8020218321640",
                "8020221866828",
                "8020233079751",
                "8020233264527",
                "8020235535530",
                "8020260166956",
                "8020337497783"
            ]
        },
        "ced5282d5b71cfe81d6f68e5bb3aa7455": {
            "B": [
                "8020335017600",
                "8020335275415",
                "8020344597950",
                "8020344603308",
                "8020344594635",
                "8020344832894",
                "8020344820911",
                "8020344821473",
                "8020345237700",
                "8020345230550",
                "8020348265573",
                "8020350821692",
                "8020350818663",
                "8020350820660",
                "8020350993330",
                "8020351248021",
                "8020351247003",
                "8020351247626",
                "8020352002562",
                "8020352272214",
                "8020353420531",
                "8020353426661",
                "8020353424597",
                "8020353655280",
                "8020353644067",
                "8020353659206",
                "8020353878957",
                "8020353867889",
                "8020353874982",
                "8020354118775",
                "8020354109406",
                "8020354121470",
                "8020354481251",
                "8020355967756",
                "8020355969867",
                "8020367137376",
                "8020367147366",
                "8020367132670",
                "8020367408237",
                "8020367403913",
                "8020367400821",
                "8020367716195",
                "8020367711885",
                "8020367717615",
                "8020368009146",
                "8020368002548",
                "8020368011062",
                "8020371299313",
                "8020371288901",
                "8020371297771",
                "8020371942192",
                "8020372515863",
                "8020372502921",
                "8020372509912",
                "8020372766325",
                "8020372763423",
                "8020372770829",
                "8020373069725",
                "8020373174719",
                "8020373350456",
                "8020376376815",
                "8020397346524",
                "8020397611619",
                "8020398140821",
                "8020398237065",
                "8020398406376",
                "8020399601432",
                "8020399906174",
                "8020400961800",
                "8020401316985",
                "8020401544730",
                "8020402400212",
                "8020403608576",
                "8020405543246",
                "8020410693797",
                "8020411136238",
                "8020414599764",
                "8020414781070",
                "8020419099270",
                "8020419323993",
                "8020419656043",
                "8020422099342",
                "8020424212601",
                "8020424377010",
                "8020427016925",
                "8020427394250",
                "8020429225330",
                "8020429477247",
                "8020431608369",
                "8020431604494",
                "8020465250901",
                "8020465489475",
                "8020467184682",
                "8020483920222",
                "8020484259417",
                "8020495637128",
                "8020495852366",
                "8020502140900",
                "8020504841179",
                "8020506052281",
                "8020508328683",
                "8020517622554",
                "8020517797235",
                "8020518585752",
                "8020519287473",
                "8020535108165",
                "8020535613523",
                "8020535637390",
                "8020536894097",
                "8020537188786",
                "8020540404512",
                "8020542373227",
                "8020553434404",
                "8020554078592",
                "8020554858162",
                "8020629385527",
                "8020629377189",
                "8020629380321",
                "8020629629553",
                "8020629613854",
                "8020629623927",
                "8020630841431",
                "8020631147031",
                "8020632047681",
                "8020632386284"
            ]
        },
        "cf50b78d1abca7a4d6f5dc6243de5bc8f": {
            "B": [
                "8020481557303",
                "8020483833202"
            ]
        },
        "cf540a477fd531a02b499d1865a7564d4": {
            "B": []
        },
        "rb7a50489fd774b9638aba23919284745": {
            "B": [
                "8019806404105",
                "8019806576194",
                "8019811154289",
                "8019811500468",
                "8019813240556",
                "8019813381782",
                "8019819779571",
                "8019826005016",
                "8019826284614",
                "8019828023671",
                "8019828175468",
                "8019829395119",
                "8019830028188",
                "8019830158496",
                "8019834000780",
                "8019834022551",
                "8019834022551",
                "8019834362687",
                "8019834960130",
                "8019837844701",
                "8019841882969",
                "8019846903350",
                "8019847303355",
                "8019847571326",
                "8019847661756",
                "8019860343951"
            ]
        },
        "u17b0cf0f8468570311531f0acfffb8e8": {
            "B": [
                "8020485147677",
                "8020497957737",
                "8020499399293",
                "8020507034183",
                "8020522654854"
            ]
        },
        "u1dda062883391e9c87360ab96cd52285": {
            "B": [
                "8019550993630",
                "8019550993871",
                "8019550984686",
                "8019551045421",
                "8019551049074",
                "8019551044493",
                "8019551110964",
                "8019551108475",
                "8019551108007",
                "8019551156226",
                "8019551158659",
                "8019551169946",
                "8019551225936",
                "8019551232742",
                "8019551223507",
                "8019551429886",
                "8019551619618",
                "8019551624626",
                "8019551620562"
            ]
        },
        "u48a5866531b8b1442e5351179cfb423c": {
            "B": [
                "8019602309377",
                "8019604686026"
            ]
        },
        "u875e9dc9c6f2c0d0506ab9df893cc40f": {
            "B": [
                "8019681547820"
            ]
        },
        "u911a53f18a83a7efed7f96474a0d1c75": {
            "B": []
        },
        "ua5d0430099aca0f80a508c10abfa4ae6": {
            "B": [
                "8019945236990",
                "8019945236990",
                "8019945843930",
                "8019946066454",
                "8019946206075",
                "8019973884586",
                "8020017508970",
                "8020073589236",
                "8020131080926",
                "8020131110587",
                "8020131688742",
                "8020131690463",
                "8020131694853",
                "8020131110587",
                "8020426070678",
                "8020433667574",
                "8020433957226",
                "8020436081415",
                "8020436419923",
                "8020439383727",
                "8020439599309"
            ]
        },
        "ub29ae7f9998199ec9ddd4707c1c68c32": {
            "B": [
                "8020302204644",
                "8020416602887",
                "8020420450873",
                "8020420540253",
                "8020428229880",
                "8020428465634",
                "8020435009141"
            ]
        },
        "ub4974c6489c969402713a974b568ee9e": {
            "B": [
                "8019589136413",
                "8019589784639",
                "8019589773220",
                "8019590171293",
                "8019595644733",
                "8019615198409",
                "8019615645127",
                "8019616273729",
                "8019616454230",
                "8019618542013",
                "8019626459616",
                "8019627300066",
                "8019627455287",
                "8020201477893",
                "8020201498548",
                "8020201498548",
                "8020201658077",
                "8020202008554",
                "8020202126071",
                "8020202128980",
                "8020202216086",
                "8020202204657",
                "8020202218643",
                "8020202405968",
                "8020202412467",
                "8020202413139",
                "8020202833862",
                "8020203339206",
                "8020226804303",
                "8020227179886",
                "8020227335134",
                "8020228978968",
                "8020228983087",
                "8020229669366",
                "8020230757309",
                "8020243274468",
                "8020243545333",
                "8020243544694",
                "8020243542238",
                "8020243747292",
                "8020243749412",
                "8020243745476",
                "8020248240042",
                "8020249412272",
                "8020250153015",
                "8020255766913"
            ]
        },
        "ud04081db2331758280d57e0169ae0700": {
            "B": [
                "8019968806863",
                "8019972808369",
                "8019988950691",
                "8019990414462",
                "8019993293704",
                "8020002968358",
                "8020003834486",
                "8020003981771",
                "8020004549708",
                "8020006602214",
                "8020019578320",
                "8020019834426",
                "8020022661963",
                "8020024392026",
                "8020025395056",
                "8020025960016",
                "8020026853284",
                "8020027613271",
                "8020028014857",
                "8020028173204",
                "8020037838545",
                "8020038497932",
                "8020041687095",
                "8020042780840",
                "8020042984705",
                "8020046071233",
                "8020046632472",
                "8020046927771",
                "8020048544952",
                "8020057879964",
                "8020057970269",
                "8020058568873"
            ]
        },
        "uedcb4744c255b5cf5eb4a43f700a6c32": {
            "B": [
                "8020343949648",
                "8020396611751",
                "8020491624096",
                "8020492431969",
                "8020492563303",
                "8020494434899",
                "8020502976598",
                "8020502976598",
                "8020503186788",
                "8020507695515",
                "8020507695515",
                "8020513720215",
                "8020514579938",
                "8020514909634",
                "8020515044997",
                "8020516341816",
                "8020520597726",
                "8020520597726",
                "8020521435770",
                "8020521826294",
                "8020559975895",
                "8020560534811",
                "8020560908134",
                "8020561180679",
                "8020562140976",
                "8020562353566",
                "8020566944864",
                "8020568575411",
                "8020568789056",
                "8020569850789",
                "8020569850789",
                "8020570260158",
                "8020570990279",
                "8020573713901"
            ]
        },
        "uf8d981e0bc9184560956ced35c4372be": {
            "B": [
                "8020261080114",
                "8020265000647",
                "8020265406775",
                "8020274882167",
                "8020275478358",
                "8020275708723",
                "8020286034742"
            ]
        },
        "uf988b592090122fd0000bd5518fde999": {
            "B": [
                "8020413527893",
                "8020413710542",
                "8020414248098"
            ]
        }
    },
    "autoAdd": false,
    "autoCancel": [],
    "autoJoin": false,
    "autoaddpesan": "cie kamu @! ketahuan ngeadd aku 􀜅􀄤laugh􏿿\nada perlu apa?\n\nOhya kak @!\nKami sedia:\n#AN Selfbot\n#AN Selfbot+Assist\n#AN PublicBot\n[Speed Up to 0.003]\n#VPS GCLOUD\n#VPS VULTR\nNah iya add juga OA ANBOT sekalian ya kak @! 􀜅􀄤laugh􏿿\nbisa streaming anime langsung via LINE!\nline://ti/p/@qaz6462n\n\nmakasih ya... PC aja kalo perlu apa apa\n\nNb: Aku bukan bot, tapi pake selfbot!",
    "autochat": [],
    "autochats": [],
    "autoread1": false,
    "autoread2": false,
    "blacklist": [],
    "bots": [
        "u3e2ff6b5ced9738c3b44e30267923adf",
        "u5812e04ea0a549d57fbb42c9a71e0b8b",
        "ua5d0430099aca0f80a508c10abfa4ae6",
        "ub0a437d8c41b2949e1de3f884ac32e02",
        "uc01411be5c3c42dc218a435c9b87a7c8",
        "udf1cc52d2369364e4a32086c0976c9b4",
        "uf021e2fc9470a98523f3420e18e1578f",
        "uf19dd766cccf032eae3e60732e6e3e4e",
        "ud04081db2331758280d57e0169ae0700",
        "u24d2ce778ab32cf95090a15c3d9a5a0a"
    ],
    "clock": false,
    "dblacklist": false,
    "dwhitelist": false,
    "keyword": {
        "c298fd9fc2568d79be1a6a44949e6af4b": {
            "B": {},
            "F": false
        },
        "c49c382752f24f7a1e4e1e1fa50cdf7bf": {
            "B": {},
            "F": false
        },
        "c5eb4f975b5965afecd396de622b51100": {
            "B": {},
            "F": false
        },
        "ced5282d5b71cfe81d6f68e5bb3aa7455": {
            "B": {},
            "F": false
        },
        "u8cae982abc647f463d9d1baae6138d57": {
            "B": {},
            "F": false
        }
    },
    "kick": false,
    "kitsunecontact": [],
    "kitsuneprotection": [],
    "kitsuneshare": [],
    "kitsuneurl": [],
    "kitsunewelcome": {},
    "leaveRoom": false,
    "lfriend": [],
    "lurkauto": false,
    "lurkp": {},
    "lurkt": {},
    "pname": [],
    "ppict": [],
    "pro_name": {},
    "readPoint": {
        "rb7a50489fd774b9638aba23919284745": "8019694772272"
    },
    "readPoints": {},
    "setTime": {
        "rb7a50489fd774b9638aba23919284745": {
            "u1fb79b09f1a422c53f5c4bf5293bdb02": 1527332254612,
            "u20377b4500a8f852f3fe1b2ac1af99ee": 1527330409970,
            "u236b88bf1eac2b90e848a6198152e647": 1527336837046,
            "u24d2ce778ab32cf95090a15c3d9a5a0a": 1527329650378,
            "u290d3072b043ff4796a9a91f145931e0": 1527329724114,
            "u33d60593ad472ed11e7907fb1daee6ae": 1527330077816,
            "u48a5866531b8b1442e5351179cfb423c": 1527330085842,
            "u4da51453a8473d250a7ac537a16ef9eb": 1527330035743,
            "u5812e04ea0a549d57fbb42c9a71e0b8b": 1527330878561,
            "u61aa26c453c9be565703f92f0ae82514": 1527327882417,
            "u67f9d56f4e7f7cfe1310e6cecb2aefbf": 1527328831400,
            "u81acb7e1e964063dc3cfbec063d22bc6": 1527330070196,
            "u875e9dc9c6f2c0d0506ab9df893cc40f": 1527332530127,
            "u8904e320fb5961cc1509118e58dc7e05": 1527330070194,
            "u9eafa615a563135995e65808c7a9553b": 1527333992211,
            "ua5d0430099aca0f80a508c10abfa4ae6": 1527328789145,
            "ub0a437d8c41b2949e1de3f884ac32e02": 1527330069753,
            "ub4974c6489c969402713a974b568ee9e": 1527330069726,
            "ubb1736a73664d2c1d48e5273c530e1af": 1527332961384,
            "uc7d319b7d2d38c35ef2b808e3a2aeed9": 1527328565135,
            "ud6d9404c1d11f271bd3d9b75ee2a8009": 1527330073695,
            "ude73c082d77d25da5c68bef72c7d43b9": 1527327790393,
            "udf060a89ebb2af83af77edddb767c329": 1527330401028,
            "udf1cc52d2369364e4a32086c0976c9b4": 1527330813026,
            "ueb2c0e2e34e2a07730532d0c0375f32b": 1527329343676,
            "uf19dd766cccf032eae3e60732e6e3e4e": 1527330244633
        }
    },
    "setTimess": [],
    "setkey": "",
    "spam": "Al Ganteng",
    "status": true,
    "talkban": {
        "cvp": false,
        "name": "Dit~",
        "pict": "",
        "time": 1527302635.8022213,
        "timer": 40,
        "video": "tmp/linepy-1527326517-4.bin"
    },
    "talkblacklist": {
        "L": "Aditya~",
        "O": "/0h9hYw5RvsZkdkDkrLaG8ZEFhLaCoTIGAPHGF7cRUGMXQZbXMWXW5-JEYMbX8cPnJBCDwuIUMHbXNP",
        "S": "deac998e669079c031dc162b0946ab3e",
        "U": "Open order selfbot ~\nSpeed up to 0.004, Feature ? up to date~ and will be updated as soon as possible !!\nPrice ? Pc me mank ~ Dont Forget Remember Me",
        "tos": {}
    },
    "talkdblacklist": false,
    "talkwblacklist": false,
    "target": [],
    "tdblacklist": false,
    "timeline": [
        "ＡＤＩＴＹＡ",
        "ᴀᴅɪᴛʏᴀ",
        "∀⅄⊥Iᗡ∀",
        "A⃞    D⃞    I⃞    T⃞    Y⃞    A⃞",
        "AYTIᗡA",
        "🅰🅳🅸🆃🆈🅰",
        "ₐDᵢₜYₐ",
        "ᴬᴰᴵᵀʸᴬ",
        "ⒶⒹⒾⓉⓎⒶ",
        "ค๔เՇץค",
        "ΛDIƬYΛ",
        "α∂ιтуα",
        "ÄÐÌ†¥Ä",
        "(っ◔◡◔)っADITYA ",
        "[̲̅A][̲̅D][̲̅I][̲̅T][̲̅Y][̲̅A]",
        "A҉D҉I҉T҉Y҉A҉",
        "A⃟D⃟I⃟T⃟Y⃟A⃟",
        "丹刀ㄥ匕ㄚ丹",
        "▒▒▒▒▒▒▒▒▒▒0%",
        "▓▒▒▒▒▒▒▒▒▒10%",
        "▓▓▒▒▒▒▒▒▒▒20%",
        "▓▓▓▒▒▒▒▒▒▒30%",
        "▓▓▓▓▒▒▒▒▒▒40%",
        "▓▓▓▓▓▒▒▒▒▒50%",
        "▓▓▓▓▓▓▒▒▒▒60%",
        "▓▓▓▓▓▓▓▒▒▒70%",
        "▓▓▓▓▓▓▓▓▒▒80%",
        "▓▓▓▓▓▓▓▓▓▒90%",
        "▓▓▓▓▓▓▓▓▓▓100%"
    ],
    "tos": {
        "c00d8a0694cdae70af888b4a36a95892d": {},
        "c0703da10016a1750b76c6eb74f1f6273": {
            "setset": false
        },
        "c098f5f1a34e58e58c1944f4f840a0b4a": {},
        "c0ff3cd53bd1c50d3afcf1c5d21c92b50": {
            "setset": false
        },
        "c106f2ac063b14c92793f1811ad295109": {},
        "c18db4fd80d94456c10ad0e9cf785318d": {
            "setset": false
        },
        "c1fe7aad6703c8b456b3b0b9682d09eab": {},
        "c22dd28eddafbde5a05642123c476ce29": {},
        "c28ca764caf3100084d3a771f827748f5": {},
        "c2a4e8363e18a6c12e99fe2c994dc2942": {
            "setset": false
        },
        "c3d3579f97505fd95a7b2e64ad2447539": {},
        "c4208a59f271df01a84348451c1ff4660": {},
        "c469981118c6c41012af1b7093e72fd24": {
            "setset": false
        },
        "c49c382752f24f7a1e4e1e1fa50cdf7bf": {},
        "c4b0114bb5f98a956dc030a4d2a004fbb": {
            "setset": true
        },
        "c4eb531df6322237f7c81d930d06490b9": {},
        "c4fd67e472bcffab3627e82a1cec76400": {
            "setset": false
        },
        "c5129eccd675cad3f67eee74828604acc": {},
        "c515ba069c615899467ad91f246ff6247": {
            "setset": false
        },
        "c548a3081c8a5977898a2e9c1a2f5331e": {},
        "c5fc85aee4177d9ec057b68a62061b538": {
            "setset": false
        },
        "c6177168080444581977f9f53d68f91ae": {
            "setset": false
        },
        "c643828835d63db9ccbca04ec0d829dd6": {},
        "c6bdfa96cafb67262d43f415a7721c64a": {},
        "c76d08c42feaee43639c0966a19301404": {},
        "c8144d61f6798c4cb45345ef224d86227": {
            "setset": false
        },
        "c85ff3434c11133250d1a8aebda83035c": {
            "setset": false
        },
        "c87659db2ec00939445b3e137ff633a60": {
            "setset": true
        },
        "c895ca38e1459bae09c54a1dde4467a1b": {},
        "c8f1ee95ff070a880e75d3a4d4bec52fb": {},
        "c92a2970dd80af63190a79003d14b4e7c": {},
        "cabbc3dd5bd62c6ddbffbd8b35b0a8ad4": {},
        "cabee3ffb34017ebee0527cf0d7e6006a": {
            "setset": true
        },
        "cb7ca0bb13ecee93b065edc14cd47bb6e": {},
        "cc43eebbfc93781e1fea76f50709d5447": {},
        "cca150841f06de9d8dc4998da39c47d18": {
            "setset": false
        },
        "ccbf9b4f7204755614bfe1ae9d46c8395": {
            "setset": false
        },
        "cd40a56aed55453b2653cefa1b6f8bab4": {
            "setset": false
        },
        "cd541860ca034561fe5fc86477a997f3b": {},
        "cdc8ee3203d0d8a7a888abd366202f5d0": {},
        "ce07d9245530eb1f56fd8d41ed0feab6d": {},
        "ce0d9eeb243ccc517d198e3bc5c026d0d": {},
        "ce53c47a139e8a94a80304da95dc37707": {
            "setset": false
        },
        "ce568fec0bead19079e05ab0f5f991d44": {
            "setset": false
        },
        "ce621c0e7175ecce746bdb3704725a856": {
            "setset": false
        },
        "ce8d8ee95d5a62b693cd2541ec0942c04": {},
        "ced5282d5b71cfe81d6f68e5bb3aa7455": {
            "setset": true
        },
        "cf0ab7301294b2fb49394d4c5e21acac1": {},
        "cf10e2aff138b496676b3a809c48658b2": {
            "setset": false
        },
        "cf50b78d1abca7a4d6f5dc6243de5bc8f": {},
        "cf540a477fd531a02b499d1865a7564d4": {},
        "cfced3308847eefb6d46f0408aa6c51d5": {
            "setset": false
        },
        "r90d93bb5637b7033dff6214cd0499339": {
            "setset": false
        },
        "rb7a50489fd774b9638aba23919284745": {},
        "re7e779629c409a67dea56c84a5fca1a6": {
            "setset": false
        },
        "u03728e7aa15a3cbade304a2b95f2856a": {
            "setset": false
        },
        "u03bc2ef4947c0cc71532e09c993569e3": {
            "setset": false
        },
        "u04c7c7fabc3692a7bbcd487d8afecc89": {
            "setset": false
        },
        "u04d213bae80ba8ae750d76e1c8fd3c9a": {
            "setset": false
        },
        "u067f14b94712efe1921c6ff6ca259063": {
            "setset": false
        },
        "u0a32af845963789ea983bbc69c7075de": {
            "setset": false
        },
        "u0cb9b53e3e96bf9c3a8cd6c4b6e81450": {
            "setset": false
        },
        "u122e277659a859ea8315fd924ff29fc3": {},
        "u161b33e9c803474d51d4427bca3278f4": {
            "setset": false
        },
        "u16c75ad2813043af557ea85b504b0498": {
            "setset": false
        },
        "u17b0cf0f8468570311531f0acfffb8e8": {},
        "u1a199385995bcfe0abaef5b01e6dd15f": {},
        "u1abaf60a33748568578bcfc59a40e8a0": {},
        "u1d1521b460a04a1852149c5ea4bf9032": {
            "setset": false
        },
        "u1dda062883391e9c87360ab96cd52285": {},
        "u20a0f737e12bc4be7e1256461726ffb3": {},
        "u21ae648ce9902e3b9a60d5e074c30c2b": {
            "setset": false
        },
        "u24d2ce778ab32cf95090a15c3d9a5a0a": {},
        "u290d3072b043ff4796a9a91f145931e0": {
            "setset": false
        },
        "u2ba6ebfa321a0978fe46674fbc8c9056": {},
        "u2d5594970559780c2e1837b76a09f01d": {
            "setset": false
        },
        "u2f46161ec3d9928b97b206f82355704e": {
            "setset": false
        },
        "u2fc96feaa3c08f71ec9e9c3d7d7633fd": {
            "setset": false
        },
        "u38774f160c456bd56c2b9c7604f0c192": {},
        "u3b44543e9e4e197c2d863c2bc589e158": {
            "setset": false
        },
        "u3d688812aad7c8d9cc4955d9a10f77b8": {},
        "u3dfac113b30d423da5bd31916484c25c": {
            "setset": false
        },
        "u3f469a370580365ea7ab8c02c81a51cc": {
            "setset": false
        },
        "u3fe97c414d2734e19a1cb74f3deb0554": {
            "setset": false
        },
        "u42916188aee4da2b42ce4d1c2788a8ef": {},
        "u48a5866531b8b1442e5351179cfb423c": {},
        "u4d9ba04f673eaa9de705843b751ff3d8": {
            "setset": false
        },
        "u4da51453a8473d250a7ac537a16ef9eb": {},
        "u4e0f20874d9cf044c2a23ee3e94dd607": {},
        "u51a5fbf91a1560ae6ac5192f880b9e4a": {
            "setset": false
        },
        "u5581ada634496d55222d4cc12fb4331b": {
            "setset": false
        },
        "u55e24ce9bd53fda291fd77da70505daa": {},
        "u5619a076dd2cc3b1b9027347806c709f": {
            "setset": false
        },
        "u5812e04ea0a549d57fbb42c9a71e0b8b": {},
        "u60b72526c2b939a3c9b71d25a9a1a183": {
            "setset": false
        },
        "u61aa26c453c9be565703f92f0ae82514": {
            "setset": false
        },
        "u62d9a87896331657e39255d81256314e": {
            "setset": false
        },
        "u69ae36a5787dd57a9b53e0f9857a725d": {
            "setset": false
        },
        "u6e7760d47206b262c4d0fc8a7ec56924": {
            "setset": false
        },
        "u728fea95e7ba06f3ed03b6f29a63f28a": {},
        "u72e0842afab6319d4eafeb4ecb383fc8": {},
        "u73e20101a92f28541c984a0be2786fd1": {
            "setset": false
        },
        "u76a12d257a780a1b0818f03b0c406250": {
            "setset": false
        },
        "u77743326f45692990707c5c8df378b56": {
            "setset": false
        },
        "u7bc3c7dc2fd2efdafd691f7da3183d9e": {},
        "u875e9dc9c6f2c0d0506ab9df893cc40f": {},
        "u885396f77de32a72849b6bb13bdeafed": {
            "setset": false
        },
        "u8a1181e344c21d89ebec19769e77eb03": {
            "setset": false
        },
        "u8ce26610f0a4aaaac18f67d001d003e8": {
            "setset": false
        },
        "u8e039acfbb0166ac40cf9106ea5eac6c": {
            "setset": false
        },
        "u8ed28c0c7e43abcb790b9d213fb89c36": {},
        "u92432a1d79085e45a38546a7624f2a25": {
            "setset": false
        },
        "u935b363d8de9cd1daccf81ba0a2d846f": {
            "setset": false
        },
        "u99efec2c7ea308ba6055c706a9b33b35": {
            "setset": false
        },
        "u9e4fbbf67522472d164a25381abb5588": {
            "setset": false
        },
        "u9eafa615a563135995e65808c7a9553b": {},
        "ua1cacbd545d4ee19e7d1976f6ea797b2": {
            "setset": false
        },
        "ua1d72b4fc1f9334c95b3370032d007e7": {
            "setset": false
        },
        "ua2b63ed69d7869bd1a85f5154717db00": {
            "setset": false
        },
        "ua5d0430099aca0f80a508c10abfa4ae6": {},
        "ua632278902552ef039f5c60a088b1281": {},
        "uac44837d56e41d7aa87a08e0035f436a": {
            "setset": false
        },
        "ub013f0a3285fe6fa356a26cf234efaf2": {
            "setset": false
        },
        "ub0a437d8c41b2949e1de3f884ac32e02": {
            "setset": false
        },
        "ub29ae7f9998199ec9ddd4707c1c68c32": {},
        "ub4974c6489c969402713a974b568ee9e": {},
        "ub4a77bd5200723f9c23d52a18e83887e": {
            "setset": false
        },
        "ub9535cb678f15d75f38188bbda88fbb3": {},
        "uba870a2e71c1e653a479b607180d0945": {
            "setset": false
        },
        "ubc9d82b06fccb06b4d794c2be3d49390": {},
        "ube187443474747c3ec352e7efeb48c1b": {
            "setset": false
        },
        "uc049d4108bb29b1d26a3ef77f80acb72": {},
        "uc7d319b7d2d38c35ef2b808e3a2aeed9": {
            "setset": false
        },
        "uca72a90a07399774b3592ea8630cfa95": {},
        "ucb882b6d006b7a29f2bd6bb53ce2a04c": {},
        "ud04081db2331758280d57e0169ae0700": {},
        "ud0a084ce304e9af59e55f85c79f32cc8": {},
        "ud1eac7003f29e05b65844b0daf4c42cc": {
            "setset": false
        },
        "ud6d9404c1d11f271bd3d9b75ee2a8009": {},
        "ud827b95f8468c46e30cf9bf5dd35e8e7": {
            "setset": false
        },
        "udd76b08e9178df926daf94371e9015f1": {
            "setset": false
        },
        "ue5c618895c007d4718ec986c96a00ddf": {
            "setset": false
        },
        "uec13f3c18fd696fe7c2ffd4c7e001a31": {
            "setset": false
        },
        "uedcb4744c255b5cf5eb4a43f700a6c32": {},
        "uee21bd89613a8cab22690cdd5654f6c2": {
            "setset": false
        },
        "uf12d2681844bc0c6bb1996674bd9f9cd": {
            "setset": false
        },
        "uf19dd766cccf032eae3e60732e6e3e4e": {
            "setset": false
        },
        "uf3aa7d5da8a4b50c6c7699f790c7e5be": {},
        "uf8cb8e90522e9f142b8451070cc15b30": {},
        "uf8d981e0bc9184560956ced35c4372be": {},
        "uf988b592090122fd0000bd5518fde999": {},
        "ufb35eb4f9b04dfba3bd5db3a1ab128d5": {
            "setset": false
        }
    },
    "twblacklist": false,
    "wblacklist": false,
    "word": "ErUFmrnv4b0MN68PBMK6.PDbdajMSOpGkuiWqQ+Pk5G.CcSuIE69XO/7bY6tw9s8qpG98Dd1u0m3utsznfoqaL8=",
    "wwhitelist": false
}